Initialized native services in: /home/runner/.gradle/native
Initialized jansi services in: /home/runner/.gradle/native
To honour the JVM settings for this build a single-use Daemon process will be forked. For more on this, please refer to https://docs.gradle.org/9.3.1/userguide/gradle_daemon.html#sec:disabling_the_daemon in the Gradle documentation.
Starting process 'Gradle build daemon'. Working directory: /home/runner/.gradle/daemon/9.3.1 Command: /usr/lib/jvm/temurin-17-jdk-amd64/bin/java --add-opens=java.base/java.lang=ALL-UNNAMED --add-opens=java.base/java.lang.invoke=ALL-UNNAMED --add-opens=java.base/java.util=ALL-UNNAMED --add-opens=java.prefs/java.util.prefs=ALL-UNNAMED --add-exports=jdk.compiler/com.sun.tools.javac.api=ALL-UNNAMED --add-exports=jdk.compiler/com.sun.tools.javac.util=ALL-UNNAMED --add-opens=java.base/java.util=ALL-UNNAMED --add-opens=java.prefs/java.util.prefs=ALL-UNNAMED --add-opens=java.base/java.nio.charset=ALL-UNNAMED --add-opens=java.base/java.net=ALL-UNNAMED --add-opens=java.base/java.util.concurrent=ALL-UNNAMED --add-opens=java.base/java.util.concurrent.atomic=ALL-UNNAMED --add-opens=java.xml/javax.xml.namespace=ALL-UNNAMED --add-opens=java.base/java.time=ALL-UNNAMED -Xmx4g -Dfile.encoding=UTF-8 -Duser.country -Duser.language=en -Duser.variant -cp /home/runner/.gradle/wrapper/dists/gradle-9.3.1-bin/23ovyewtku6u96viwx3xl3oks/gradle-9.3.1/lib/gradle-daemon-main-9.3.1.jar -javaagent:/home/runner/.gradle/wrapper/dists/gradle-9.3.1-bin/23ovyewtku6u96viwx3xl3oks/gradle-9.3.1/lib/agents/gradle-instrumentation-agent-9.3.1.jar org.gradle.launcher.daemon.bootstrap.GradleDaemon 9.3.1
Successfully started process 'Gradle build daemon'
An attempt to start the daemon took 1.26 secs.
The client will now receive all logging from the daemon (pid: 2798). The daemon log file: /home/runner/.gradle/daemon/9.3.1/daemon-2798.out.log
Daemon will be stopped at the end of the build 
Using 4 worker leases.
Operational build model parameters: {requiresToolingModels=false, parallelProjectExecution=true, configureOnDemand=false, configurationCache=false, configurationCacheParallelStore=false, configurationCacheParallelLoad=true, isolatedProjects=false, parallelProjectConfiguration=false, intermediateModelCache=false, parallelToolingApiActions=true, invalidateCoupledProjects=false, modelAsProjectDependency=false, resilientModelBuilding=false}
Received JVM installation metadata from '/usr/lib/jvm/temurin-17-jdk-amd64': {JAVA_HOME=/usr/lib/jvm/temurin-17-jdk-amd64, JAVA_VERSION=17.0.20.1, JAVA_VENDOR=Eclipse Adoptium, RUNTIME_NAME=OpenJDK Runtime Environment, RUNTIME_VERSION=17.0.20.1+1, VM_NAME=OpenJDK 64-Bit Server VM, VM_VERSION=17.0.20.1+1, VM_VENDOR=Eclipse Adoptium, OS_ARCH=amd64}
Watching the file system is configured to be enabled if available
Now considering [/home/runner/work/Nekoread/Nekoread] as hierarchies to watch
File system watching is active
Starting Build
Resolved plugin [id: 'org.gradle.toolchains.foojay-resolver-convention', version: '1.0.0']
Settings evaluated using settings file '/home/runner/work/Nekoread/Nekoread/settings.gradle.kts'.
Using local directory build cache for the root build (location = /home/runner/.gradle/caches/build-cache-1, remove unused entries = after 7 days).
Projects loaded. Root project using build file '/home/runner/work/Nekoread/Nekoread/build.gradle.kts'.
Included projects: [root project 'NekoRead', project ':app']

> Configure project :
Evaluating root project 'NekoRead' using build file '/home/runner/work/Nekoread/Nekoread/build.gradle.kts'.
Resolved plugin [id: 'com.android.application', version: '9.1.1', apply: false]
Resolved plugin [id: 'org.jetbrains.kotlin.plugin.compose', version: '2.2.10', apply: false]
Resolved plugin [id: 'com.google.devtools.ksp', version: '2.2.10-2.0.2', apply: false]
Resolved plugin [id: 'io.github.takahirom.roborazzi', version: '1.59.0', apply: false]
Resolved plugin [id: 'com.google.android.libraries.mapsplatform.secrets-gradle-plugin', version: '2.0.1', apply: false]
Resolved plugin [id: 'com.google.gms.google-services', version: '4.5.0', apply: false]

> Configure project :app
Evaluating project ':app' using build file '/home/runner/work/Nekoread/Nekoread/app/build.gradle.kts'.
Build cache key for Kotlin DSL script compilation (Project/TopLevel/stage1) is 32a0ff3049fc1e4fd00ae41ff61407a3
Stored cache entry for Kotlin DSL script compilation (Project/TopLevel/stage1) with cache key 32a0ff3049fc1e4fd00ae41ff61407a3
Resolved plugin [id: 'com.android.application', version: '9.1.1']
Resolved plugin [id: 'org.jetbrains.kotlin.plugin.compose', version: '2.2.10']
Resolved plugin [id: 'com.google.devtools.ksp', version: '2.2.10-2.0.2']
Resolved plugin [id: 'io.github.takahirom.roborazzi', version: '1.59.0']
Resolved plugin [id: 'com.google.android.libraries.mapsplatform.secrets-gradle-plugin', version: '2.0.1']
Resolved plugin [id: 'com.google.gms.google-services', version: '4.5.0']
Resolved plugin [id: 'org.jetbrains.kotlin.plugin.serialization', version: '2.2.10']
WARNING: The option setting 'android.disallowKotlinSourceSets=false' is experimental.
The current default is 'true'.
Build bda495c2-4261-4a28-8162-8bd5f7126037 is started
Using default execution profile
Build cache key for Kotlin DSL script compilation (Project/TopLevel/stage2) is bf0963c0e56e4ac76a3d1569ba23a923
Stored cache entry for Kotlin DSL script compilation (Project/TopLevel/stage2) with cache key bf0963c0e56e4ac76a3d1569ba23a923
Detected Android Gradle Plugin compose compiler configuration
Detected Android Gradle Plugin compose compiler configuration
Detected Android Gradle Plugin compose compiler configuration
Detected Android Gradle Plugin compose compiler configuration
All projects evaluated.
Task path ':app:assembleDebug' matched project ':app'
Task name matched 'assembleDebug'
Selected primary task 'assembleDebug' from project :app
Adding -Xuse-inline-scopes-numbers Kotlin compiler flag for task :app:compileDebugKotlin
Tasks to be executed: [task ':app:preBuild', task ':app:preDebugBuild', task ':app:mergeDebugNativeDebugMetadata', task ':app:generateDebugBuildConfig', task ':app:generateDebugResources', task ':app:processDebugGoogleServices', task ':app:packageDebugResources', task ':app:processDebugNavigationResources', task ':app:parseDebugLocalResources', task ':app:generateDebugRFile', task ':app:kspDebugKotlin', task ':app:compileDebugKotlin', task ':app:javaPreCompileDebug', task ':app:compileDebugJavaWithJavac', task ':app:generateDebugAssets', task ':app:mergeDebugAssets', task ':app:compressDebugAssets', task ':app:processDebugJavaRes', task ':app:mergeDebugJavaResource', task ':app:checkDebugDuplicateClasses', task ':app:desugarDebugFileDependencies', task ':app:mergeExtDexDebug', task ':app:mergeLibDexDebug', task ':app:checkDebugAarMetadata', task ':app:mapDebugSourceSetPaths', task ':app:compileDebugNavigationResources', task ':app:mergeDebugResources', task ':app:createDebugCompatibleScreenManifests', task ':app:extractDeepLinksDebug', task ':app:processDebugMainManifest', task ':app:processDebugManifest', task ':app:processDebugManifestForPackage', task ':app:processDebugResources', task ':app:dexBuilderDebug', task ':app:mergeProjectDexDebug', task ':app:mergeDebugJniLibFolders', task ':app:mergeDebugNativeLibs', task ':app:stripDebugDebugSymbols', task ':app:validateSigningDebug', task ':app:writeDebugAppMetadata', task ':app:writeDebugSigningConfigVersions', task ':app:packageDebug', task ':app:createDebugApkListingFileRedirect', task ':app:assembleDebug']
Tasks that were excluded: []
Resolve mutations for :app:preBuild (Thread[Execution worker,5,main]) started.
:app:preBuild (Thread[Execution worker,5,main]) started.

> Task :app:preBuild UP-TO-DATE
Skipping task ':app:preBuild' as it has no actions.
Resolve mutations for :app:preDebugBuild (Thread[Execution worker,5,main]) started.
:app:preDebugBuild (Thread[Execution worker,5,main]) started.

> Task :app:preDebugBuild UP-TO-DATE
Skipping task ':app:preDebugBuild' as it has no actions.
Resolve mutations for :app:mergeDebugNativeDebugMetadata (Thread[Execution worker,5,main]) started.
:app:mergeDebugNativeDebugMetadata (Thread[included builds,5,main]) started.

> Task :app:mergeDebugNativeDebugMetadata NO-SOURCE
Skipping task ':app:mergeDebugNativeDebugMetadata' as it has no source files and no previous output files.
Resolve mutations for :app:generateDebugBuildConfig (Thread[Execution worker,5,main]) started.
:app:generateDebugBuildConfig (Thread[Execution worker,5,main]) started.

> Task :app:generateDebugBuildConfig
Build cache key for task ':app:generateDebugBuildConfig' is 24be058e2581cc8790e8eb29e4094270
Task ':app:generateDebugBuildConfig' is not up-to-date because:
  No history is available.
Stored cache entry for task ':app:generateDebugBuildConfig' with cache key 24be058e2581cc8790e8eb29e4094270
Resolve mutations for :app:generateDebugResources (Thread[Execution worker Thread 3,5,main]) started.
:app:generateDebugResources (Thread[Execution worker Thread 3,5,main]) started.

> Task :app:generateDebugResources FROM-CACHE
Build cache key for task ':app:generateDebugResources' is d389ddbf0a01827dadebe436bb37d920
Task ':app:generateDebugResources' is not up-to-date because:
  No history is available.
Loaded cache entry for task ':app:generateDebugResources' with cache key d389ddbf0a01827dadebe436bb37d920
Resolve mutations for :app:processDebugGoogleServices (Thread[Execution worker Thread 3,5,main]) started.
:app:processDebugGoogleServices (Thread[Execution worker Thread 3,5,main]) started.

> Task :app:processDebugGoogleServices FROM-CACHE
Build cache key for task ':app:processDebugGoogleServices' is 4ffc0f6dd4cf8b0f6b17d78f650aa738
Task ':app:processDebugGoogleServices' is not up-to-date because:
  No history is available.
Loaded cache entry for task ':app:processDebugGoogleServices' with cache key 4ffc0f6dd4cf8b0f6b17d78f650aa738
Resolve mutations for :app:packageDebugResources (Thread[Execution worker,5,main]) started.
:app:packageDebugResources (Thread[Execution worker,5,main]) started.

> Task :app:packageDebugResources FROM-CACHE
Build cache key for task ':app:packageDebugResources' is 37e41304613de902c53695d7f12d465e
Task ':app:packageDebugResources' is not up-to-date because:
  No history is available.
Loaded cache entry for task ':app:packageDebugResources' with cache key 37e41304613de902c53695d7f12d465e
Resolve mutations for :app:processDebugNavigationResources (Thread[Execution worker,5,main]) started.
:app:processDebugNavigationResources (Thread[Execution worker,5,main]) started.

> Task :app:processDebugNavigationResources FROM-CACHE
Build cache key for task ':app:processDebugNavigationResources' is 36596cbe3fd404f5b2f3221649704d47
Task ':app:processDebugNavigationResources' is not up-to-date because:
  No history is available.
Loaded cache entry for task ':app:processDebugNavigationResources' with cache key 36596cbe3fd404f5b2f3221649704d47
Resolve mutations for :app:parseDebugLocalResources (Thread[Execution worker Thread 3,5,main]) started.
:app:parseDebugLocalResources (Thread[Execution worker Thread 3,5,main]) started.

> Task :app:parseDebugLocalResources FROM-CACHE
Build cache key for task ':app:parseDebugLocalResources' is f2142dafedbf9ec9599dadabefdb66f8
Task ':app:parseDebugLocalResources' is not up-to-date because:
  No history is available.
Loaded cache entry for task ':app:parseDebugLocalResources' with cache key f2142dafedbf9ec9599dadabefdb66f8
Resolve mutations for :app:generateDebugRFile (Thread[Execution worker Thread 3,5,main]) started.
:app:generateDebugRFile (Thread[Execution worker Thread 3,5,main]) started.

> Task :app:generateDebugRFile FROM-CACHE
Build cache key for task ':app:generateDebugRFile' is 7ab0a558aba80740a22565b11b0fc2de
Task ':app:generateDebugRFile' is not up-to-date because:
  No history is available.
Loaded cache entry for task ':app:generateDebugRFile' with cache key 7ab0a558aba80740a22565b11b0fc2de
Resolve mutations for :app:kspDebugKotlin (Thread[Execution worker Thread 3,5,main]) started.
:app:kspDebugKotlin (Thread[Execution worker Thread 3,5,main]) started.
Resolve mutations for :app:javaPreCompileDebug (Thread[Execution worker Thread 2,5,main]) started.
:app:javaPreCompileDebug (Thread[Execution worker Thread 2,5,main]) started.

> Task :app:javaPreCompileDebug FROM-CACHE
Build cache key for task ':app:javaPreCompileDebug' is 14a7c4501a6a7db914d762fd83233135
Task ':app:javaPreCompileDebug' is not up-to-date because:
  No history is available.
Loaded cache entry for task ':app:javaPreCompileDebug' with cache key 14a7c4501a6a7db914d762fd83233135
Resolve mutations for :app:generateDebugAssets (Thread[included builds,5,main]) started.
:app:generateDebugAssets (Thread[included builds,5,main]) started.

> Task :app:generateDebugAssets UP-TO-DATE
Skipping task ':app:generateDebugAssets' as it has no actions.
Resolve mutations for :app:mergeDebugAssets (Thread[included builds,5,main]) started.
:app:mergeDebugAssets (Thread[included builds,5,main]) started.

> Task :app:mergeDebugAssets
Caching disabled for task ':app:mergeDebugAssets' because:
  Simple merging task
Task ':app:mergeDebugAssets' is not up-to-date because:
  No history is available.
The input changes require a full rebuild for incremental task ':app:mergeDebugAssets'.
Resolve mutations for :app:compressDebugAssets (Thread[included builds,5,main]) started.
:app:compressDebugAssets (Thread[included builds,5,main]) started.

> Task :app:compressDebugAssets FROM-CACHE
Build cache key for task ':app:compressDebugAssets' is 39f1a48f8c0b3a861b5a7905484bf794
Task ':app:compressDebugAssets' is not up-to-date because:
  No history is available.
Loaded cache entry for task ':app:compressDebugAssets' with cache key 39f1a48f8c0b3a861b5a7905484bf794
Resolve mutations for :app:checkDebugDuplicateClasses (Thread[included builds,5,main]) started.
:app:checkDebugDuplicateClasses (Thread[included builds,5,main]) started.
Resolve mutations for :app:desugarDebugFileDependencies (Thread[Execution worker,5,main]) started.
:app:desugarDebugFileDependencies (Thread[Execution worker,5,main]) started.

> Task :app:desugarDebugFileDependencies FROM-CACHE
Build cache key for task ':app:desugarDebugFileDependencies' is f930c2d3766604f41aa021e9c17d7572
Task ':app:desugarDebugFileDependencies' is not up-to-date because:
  No history is available.
Loaded cache entry for task ':app:desugarDebugFileDependencies' with cache key f930c2d3766604f41aa021e9c17d7572
Resolve mutations for :app:checkDebugAarMetadata (Thread[Execution worker,5,main]) started.
:app:checkDebugAarMetadata (Thread[Execution worker,5,main]) started.

> Task :app:checkDebugDuplicateClasses
Caching disabled for task ':app:checkDebugDuplicateClasses' because:
  Caching has been disabled for the task
Task ':app:checkDebugDuplicateClasses' is not up-to-date because:
  No history is available.
Resolve mutations for :app:mergeExtDexDebug (Thread[included builds,5,main]) started.
:app:mergeExtDexDebug (Thread[included builds,5,main]) started.

> Task :app:checkDebugAarMetadata
Caching disabled for task ':app:checkDebugAarMetadata' because:
  Caching has been disabled for the task
Task ':app:checkDebugAarMetadata' is not up-to-date because:
  No history is available.

> Task :app:kspDebugKotlin
Registered task dependencies: app:debugCompileClasspath
Skipping misunderstood TO dep string: androidx.compose.ui:ui-test-manifest
Skipping misunderstood TO dep string: org.jetbrains.kotlin:kotlin-stdlib
Skipping misunderstood TO dep string: org.jetbrains.kotlin:kotlin-stdlib
Skipping misunderstood TO dep string: androidx.compose.ui:ui-tooling
Skipping misunderstood TO dep string: androidx.compose.material:material-icons-core
Skipping misunderstood TO dep string: androidx.compose.material:material-icons-extended
Skipping misunderstood TO dep string: androidx.compose.material3:material3
Skipping misunderstood TO dep string: androidx.compose.ui:ui
Skipping misunderstood TO dep string: androidx.compose.ui:ui-graphics
Skipping misunderstood TO dep string: androidx.compose.ui:ui-tooling-preview
Skipping misunderstood TO dep string: org.jetbrains.kotlin:kotlin-stdlib
Skipping misunderstood TO dep string: org.jetbrains.kotlin:kotlin-stdlib
Skipping misunderstood TO dep string: org.jetbrains.kotlin:kotlin-stdlib
Skipping misunderstood TO dep string: com.google.firebase:firebase-ai
Skipping misunderstood TO dep string: com.google.firebase:firebase-appcheck-recaptcha
Starting dependency analysis
Build cache key for task ':app:kspDebugKotlin' is 2513ec38b5d5039923ada4bca5cb6341
Task ':app:kspDebugKotlin' is not up-to-date because:
  No history is available.
The input changes require a full rebuild for incremental task ':app:kspDebugKotlin'.
file or directory '/home/runner/work/Nekoread/Nekoread/app/src/main/kotlin', not found
file or directory '/home/runner/work/Nekoread/Nekoread/app/src/debug/java', not found
file or directory '/home/runner/work/Nekoread/Nekoread/app/src/debug/kotlin', not found
file or directory '/home/runner/work/Nekoread/Nekoread/app/src/main/kotlin', not found
file or directory '/home/runner/work/Nekoread/Nekoread/app/src/debug/java', not found
file or directory '/home/runner/work/Nekoread/Nekoread/app/src/debug/kotlin', not found
i: [ksp] loaded provider(s): [androidx.room.RoomKspProcessor$Provider, com.squareup.moshi.kotlin.codegen.ksp.JsonClassSymbolProcessorProvider]

> Task :app:mergeExtDexDebug FROM-CACHE
Build cache key for task ':app:mergeExtDexDebug' is 7925347c50b5bef1dfca8583672ffd13
Task ':app:mergeExtDexDebug' is not up-to-date because:
  No history is available.
Loaded cache entry for task ':app:mergeExtDexDebug' with cache key 7925347c50b5bef1dfca8583672ffd13
Resolve mutations for :app:mergeLibDexDebug (Thread[included builds,5,main]) started.
:app:mergeLibDexDebug (Thread[included builds,5,main]) started.

> Task :app:mergeLibDexDebug FROM-CACHE
Build cache key for task ':app:mergeLibDexDebug' is e2da3f5da83ece8f312d2cc5943f8186
Task ':app:mergeLibDexDebug' is not up-to-date because:
  No history is available.
Loaded cache entry for task ':app:mergeLibDexDebug' with cache key e2da3f5da83ece8f312d2cc5943f8186
Resolve mutations for :app:mapDebugSourceSetPaths (Thread[included builds,5,main]) started.
:app:mapDebugSourceSetPaths (Thread[included builds,5,main]) started.

> Task :app:mapDebugSourceSetPaths
Caching disabled for task ':app:mapDebugSourceSetPaths' because:
  Caching has been disabled for the task
Task ':app:mapDebugSourceSetPaths' is not up-to-date because:
  No history is available.
Resolve mutations for :app:compileDebugNavigationResources (Thread[included builds,5,main]) started.
:app:compileDebugNavigationResources (Thread[included builds,5,main]) started.

> Task :app:compileDebugNavigationResources FROM-CACHE
Build cache key for task ':app:compileDebugNavigationResources' is 5efe818426f4546325f23eefb645771b
Task ':app:compileDebugNavigationResources' is not up-to-date because:
  No history is available.
Loaded cache entry for task ':app:compileDebugNavigationResources' with cache key 5efe818426f4546325f23eefb645771b
Resolve mutations for :app:mergeDebugResources (Thread[Execution worker,5,main]) started.
:app:mergeDebugResources (Thread[Execution worker,5,main]) started.

> Task :app:mergeDebugResources FROM-CACHE
Build cache key for task ':app:mergeDebugResources' is 5e8c117527ba3999db564020cf233d67
Task ':app:mergeDebugResources' is not up-to-date because:
  No history is available.
Loaded cache entry for task ':app:mergeDebugResources' with cache key 5e8c117527ba3999db564020cf233d67
Resolve mutations for :app:createDebugCompatibleScreenManifests (Thread[Execution worker,5,main]) started.
:app:createDebugCompatibleScreenManifests (Thread[Execution worker,5,main]) started.

> Task :app:createDebugCompatibleScreenManifests
Caching disabled for task ':app:createDebugCompatibleScreenManifests' because:
  Caching has been disabled for the task
Task ':app:createDebugCompatibleScreenManifests' is not up-to-date because:
  No history is available.
Resolve mutations for :app:extractDeepLinksDebug (Thread[included builds,5,main]) started.
:app:extractDeepLinksDebug (Thread[included builds,5,main]) started.

> Task :app:extractDeepLinksDebug FROM-CACHE
Build cache key for task ':app:extractDeepLinksDebug' is 51b5cc1033e20a08f2cef551324eae0f
Task ':app:extractDeepLinksDebug' is not up-to-date because:
  No history is available.
Loaded cache entry for task ':app:extractDeepLinksDebug' with cache key 51b5cc1033e20a08f2cef551324eae0f
Resolve mutations for :app:processDebugMainManifest (Thread[included builds,5,main]) started.
:app:processDebugMainManifest (Thread[included builds,5,main]) started.

> Task :app:processDebugMainManifest
Build cache key for task ':app:processDebugMainManifest' is 70e08a92dccf062855d216bfa7e92211
Task ':app:processDebugMainManifest' is not up-to-date because:
  No history is available.
Loading library manifest /home/runner/.gradle/caches/9.3.1/transforms/73aa0303fd846f57bedcad9b1bec964e/transformed/navigation-common-2.8.9/AndroidManifest.xml
Loading library manifest /home/runner/.gradle/caches/9.3.1/transforms/de8b614b8c64b41f64d3c5beda029629/transformed/navigation-runtime-2.8.9/AndroidManifest.xml
Loading library manifest /home/runner/.gradle/caches/9.3.1/transforms/24290903d6d028bf28a36480a359583b/transformed/navigation-common-ktx-2.8.9/AndroidManifest.xml
Loading library manifest /home/runner/.gradle/caches/9.3.1/transforms/254ef5e2bb326c7a4bc71be69d437835/transformed/navigation-runtime-ktx-2.8.9/AndroidManifest.xml
Loading library manifest /home/runner/.gradle/caches/9.3.1/transforms/162b4c6074eda3f66dee8e7cc35aafe1/transformed/navigation-compose-2.8.9/AndroidManifest.xml
Loading library manifest /home/runner/.gradle/caches/9.3.1/transforms/7c4319d6d8f29686eb959ff820bda4cd/transformed/preference-ktx-1.2.1/AndroidManifest.xml
Loading library manifest /home/runner/.gradle/caches/9.3.1/transforms/8c9c4e4fc9487994887ff79275772bea/transformed/preference-1.2.1/AndroidManifest.xml
Loading library manifest /home/runner/.gradle/caches/9.3.1/transforms/e4cb113882664a582349491d4712bec0/transformed/fragment-ktx-1.3.6/AndroidManifest.xml
Loading library manifest /home/runner/.gradle/caches/9.3.1/transforms/86cd624e59af9811aff76814984e65f2/transformed/firebase-appcheck-recaptcha-19.0.0/AndroidManifest.xml
Loading library manifest /home/runner/.gradle/caches/9.3.1/transforms/af46903c341cb42785acbb10031d9843/transformed/recaptcha-18.7.1/AndroidManifest.xml
Loading library manifest /home/runner/.gradle/caches/9.3.1/transforms/d4face482c112baba9c998891468cdb8/transformed/firebase-ai-17.13.0/AndroidManifest.xml
Loading library manifest /home/runner/.gradle/caches/9.3.1/transforms/9f0bf859c1c361a2ec801b9371630c20/transformed/firebase-appcheck-19.2.0/AndroidManifest.xml
Loading library manifest /home/runner/.gradle/caches/9.3.1/transforms/f7c75cde0372d6165468efcfb4bd525c/transformed/firebase-appcheck-interop-17.1.0/AndroidManifest.xml
Loading library manifest /home/runner/.gradle/caches/9.3.1/transforms/c17217b970403d971cbcd7e29e852a39/transformed/firebase-auth-interop-18.0.0/AndroidManifest.xml
Loading library manifest /home/runner/.gradle/caches/9.3.1/transforms/470e5651d094e95aa076048baaed867b/transformed/play-services-recaptchabase-16.1.0/AndroidManifest.xml
Loading library manifest /home/runner/.gradle/caches/9.3.1/transforms/16a40a5e428abd0e6bff2fd68443a43e/transformed/play-services-base-18.9.0/AndroidManifest.xml
Loading library manifest /home/runner/.gradle/caches/9.3.1/transforms/aadaf044a7af95ced7bebc93fea9e5b3/transformed/firebase-ai-ondevice-interop-16.0.0-beta03/AndroidManifest.xml
Loading library manifest /home/runner/.gradle/caches/9.3.1/transforms/bdf183c7af7ac5a9bb91827683fc16f9/transformed/firebase-common-22.1.0/AndroidManifest.xml
Loading library manifest /home/runner/.gradle/caches/9.3.1/transforms/a9c6178f5e962fcb2d93527549e84dc4/transformed/integrity-1.4.0/AndroidManifest.xml
Loading library manifest /home/runner/.gradle/caches/9.3.1/transforms/f4e407510e2ebc33b7348726912a844e/transformed/room-runtime-release/AndroidManifest.xml
Loading library manifest /home/runner/.gradle/caches/9.3.1/transforms/fbad852c1a94737e38f161f01595996e/transformed/room-ktx-2.7.0/AndroidManifest.xml
Loading library manifest /home/runner/.gradle/caches/9.3.1/transforms/cf9cbd078821093208f2d87febf165b6/transformed/material3-release/AndroidManifest.xml
Loading library manifest /home/runner/.gradle/caches/9.3.1/transforms/b28725a39b7bf66d72f1911a973c9e72/transformed/coil-compose-2.7.0/AndroidManifest.xml
Loading library manifest /home/runner/.gradle/caches/9.3.1/transforms/ecafb17bac6fc47893ff5c68616a8970/transformed/coil-compose-base-2.7.0/AndroidManifest.xml
Loading library manifest /home/runner/.gradle/caches/9.3.1/transforms/afc234601797f0c2ef3fb63f9db64175/transformed/recyclerview-1.4.0/AndroidManifest.xml
Loading library manifest /home/runner/.gradle/caches/9.3.1/transforms/db4352726371f46ff506003e64c137fa/transformed/material-icons-extended-release/AndroidManifest.xml
Loading library manifest /home/runner/.gradle/caches/9.3.1/transforms/1015daa72cc4ede727c9923ea4f3c8c1/transformed/material-ripple-release/AndroidManifest.xml
Loading library manifest /home/runner/.gradle/caches/9.3.1/transforms/7a7547a7b1a44bcb7f84091a5bce6630/transformed/foundation-layout-release/AndroidManifest.xml
Loading library manifest /home/runner/.gradle/caches/9.3.1/transforms/b7936f0d9a49f561d580835f1b656d18/transformed/foundation-release/AndroidManifest.xml
Loading library manifest /home/runner/.gradle/caches/9.3.1/transforms/8acc88d214a6ae9d460d9995ee5cd9ac/transformed/animation-core-release/AndroidManifest.xml
Loading library manifest /home/runner/.gradle/caches/9.3.1/transforms/b54d803e2b5f4c4ad1b3f9476e838013/transformed/animation-release/AndroidManifest.xml
Loading library manifest /home/runner/.gradle/caches/9.3.1/transforms/51981c21e9ad91f2dff8ad1f2bb32135/transformed/ui-tooling-data-release/AndroidManifest.xml
Loading library manifest /home/runner/.gradle/caches/9.3.1/transforms/0a8e33817147be981146da11f0cf5810/transformed/ui-geometry-release/AndroidManifest.xml
Loading library manifest /home/runner/.gradle/caches/9.3.1/transforms/486b8c4bfa539c53de39fba58e006767/transformed/ui-tooling-preview-release/AndroidManifest.xml
Loading library manifest /home/runner/.gradle/caches/9.3.1/transforms/650e3729cb7c45b2fa529665901a746c/transformed/ui-util-release/AndroidManifest.xml
Loading library manifest /home/runner/.gradle/caches/9.3.1/transforms/619366bce90ca68d41de69aee4e82521/transformed/ui-unit-release/AndroidManifest.xml
Loading library manifest /home/runner/.gradle/caches/9.3.1/transforms/68db0080b4e153f76b9c95d0b9b0f0be/transformed/ui-text-release/AndroidManifest.xml
Loading library manifest /home/runner/.gradle/caches/9.3.1/transforms/b8d34df09873044700e4a515591d5a4b/transformed/ui-graphics-release/AndroidManifest.xml
Loading library manifest /home/runner/.gradle/caches/9.3.1/transforms/8d8df9bc8ce65ad7e7b9ea408df0ba71/transformed/ui-test-manifest-1.7.2/AndroidManifest.xml
Loading library manifest /home/runner/.gradle/caches/9.3.1/transforms/0490da1dc90c7485e539760eebf656c7/transformed/ui-tooling-release/AndroidManifest.xml
Loading library manifest /home/runner/.gradle/caches/9.3.1/transforms/94271e90f3d74cfb7b8f6b4ad93468ba/transformed/material-release/AndroidManifest.xml
Loading library manifest /home/runner/.gradle/caches/9.3.1/transforms/b5cf8acfefff712410d730405b009186/transformed/material-icons-core-release/AndroidManifest.xml
Loading library manifest /home/runner/.gradle/caches/9.3.1/transforms/9b8a5eb59292e297c1044d2a57074e35/transformed/accompanist-drawablepainter-0.32.0/AndroidManifest.xml
Loading library manifest /home/runner/.gradle/caches/9.3.1/transforms/c968efab6c02b1c7c252e085387a8e96/transformed/ui-release/AndroidManifest.xml
Loading library manifest /home/runner/.gradle/caches/9.3.1/transforms/510fca7dc8a60e8f78c4c46abe82a386/transformed/customview-poolingcontainer-1.0.0/AndroidManifest.xml
Loading library manifest /home/runner/.gradle/caches/9.3.1/transforms/146b32b9505cb249fd89281baf5156bb/transformed/coil-2.7.0/AndroidManifest.xml
Loading library manifest /home/runner/.gradle/caches/9.3.1/transforms/95c6f5dd6765266fb0668d7132577523/transformed/coil-base-2.7.0/AndroidManifest.xml
Loading library manifest /home/runner/.gradle/caches/9.3.1/transforms/e9fded2daba3ced52ebad9e7b4553e72/transformed/appcompat-resources-1.6.1/AndroidManifest.xml
Loading library manifest /home/runner/.gradle/caches/9.3.1/transforms/9efec2b92f7a3cf9ff50b795e6bc55b0/transformed/appcompat-1.6.1/AndroidManifest.xml
Loading library manifest /home/runner/.gradle/caches/9.3.1/transforms/b07ce17cd1484897196d27f376d04b05/transformed/core-ktx-1.18.0/AndroidManifest.xml
Loading library manifest /home/runner/.gradle/caches/9.3.1/transforms/2335170d54488eb9e28edf32155ad0db/transformed/webkit-1.11.0/AndroidManifest.xml
Loading library manifest /home/runner/.gradle/caches/9.3.1/transforms/426bf3cd1ba0e1ddf7d76ab91eb17878/transformed/viewpager-1.1.0/AndroidManifest.xml
Loading library manifest /home/runner/.gradle/caches/9.3.1/transforms/0b0e582e26dd23f5f1c31bdbf7850b74/transformed/slidingpanelayout-1.2.0/AndroidManifest.xml
Loading library manifest /home/runner/.gradle/caches/9.3.1/transforms/7df1f23a2c939d158b9c0369cc4ec041/transformed/autofill-1.0.0/AndroidManifest.xml
Loading library manifest /home/runner/.gradle/caches/9.3.1/transforms/e9d1cfaa4db5d70dc3285689ecb93709/transformed/drawerlayout-1.0.0/AndroidManifest.xml
Loading library manifest /home/runner/.gradle/caches/9.3.1/transforms/87b37ca7c028f58206c02ed6f52c3682/transformed/customview-1.1.0/AndroidManifest.xml
Loading library manifest /home/runner/.gradle/caches/9.3.1/transforms/5361fe61be178d590ef47c3e552a4dc5/transformed/window-1.0.0/AndroidManifest.xml
Loading library manifest /home/runner/.gradle/caches/9.3.1/transforms/38b1e9641bef3e718b6714149f828d65/transformed/transition-1.4.1/AndroidManifest.xml
Loading library manifest /home/runner/.gradle/caches/9.3.1/transforms/96ee721109f491ceea5b3826ad471e66/transformed/loader-1.0.0/AndroidManifest.xml
Loading library manifest /home/runner/.gradle/caches/9.3.1/transforms/8190d96a0c0e126e0baa5275eec78735/transformed/vectordrawable-animated-1.1.0/AndroidManifest.xml
Loading library manifest /home/runner/.gradle/caches/9.3.1/transforms/a5ad8b73ab1447f22a9860d5db4288ff/transformed/vectordrawable-1.1.0/AndroidManifest.xml
Loading library manifest /home/runner/.gradle/caches/9.3.1/transforms/1cdf2a7459a2b4159915b105e13e4065/transformed/graphics-path-1.0.1/AndroidManifest.xml
Loading library manifest /home/runner/.gradle/caches/9.3.1/transforms/f1b482bd2a3f152e490c0ad786e9c976/transformed/emoji2-views-helper-1.3.0/AndroidManifest.xml
Loading library manifest /home/runner/.gradle/caches/9.3.1/transforms/aad95cef09ad52253f85bf5f5ee7ca3b/transformed/emoji2-1.3.0/AndroidManifest.xml
Loading library manifest /home/runner/.gradle/caches/9.3.1/transforms/bf724d8c480b5f4046ae17480dbebd21/transformed/core-1.18.0/AndroidManifest.xml
Loading library manifest /home/runner/.gradle/caches/9.3.1/transforms/a506b06cb255c0f578d7ad675b36fb92/transformed/savedstate-ktx-1.2.1/AndroidManifest.xml
Loading library manifest /home/runner/.gradle/caches/9.3.1/transforms/bde37ee82a707aad662674526778dbe7/transformed/savedstate-1.2.1/AndroidManifest.xml
Loading library manifest /home/runner/.gradle/caches/9.3.1/transforms/9ac6d9cb493f59b7f2eabd3a72eb9510/transformed/lifecycle-livedata-2.8.7/AndroidManifest.xml
Loading library manifest /home/runner/.gradle/caches/9.3.1/transforms/281261780ded941c133770f43f757958/transformed/lifecycle-process-2.8.7/AndroidManifest.xml
Loading library manifest /home/runner/.gradle/caches/9.3.1/transforms/a2808c9d685a654f2d47175769978e24/transformed/lifecycle-livedata-core-2.8.7/AndroidManifest.xml
Loading library manifest /home/runner/.gradle/caches/9.3.1/transforms/7afda5c80029fc7d872d372eb0714ed2/transformed/lifecycle-viewmodel-2.8.7/AndroidManifest.xml
Loading library manifest /home/runner/.gradle/caches/9.3.1/transforms/1c2469692901cadf582ba51b6b06f2cb/transformed/lifecycle-viewmodel-release/AndroidManifest.xml
Loading library manifest /home/runner/.gradle/caches/9.3.1/transforms/204bf52b13c8d5c547101d571a73e8ed/transformed/lifecycle-runtime-release/AndroidManifest.xml
Loading library manifest /home/runner/.gradle/caches/9.3.1/transforms/1c47750540ae22cf99bd14f030d1ed75/transformed/lifecycle-livedata-core-ktx-2.8.7/AndroidManifest.xml
Loading library manifest /home/runner/.gradle/caches/9.3.1/transforms/55158d871d3afd086d8887813b29412f/transformed/lifecycle-viewmodel-savedstate-2.8.7/AndroidManifest.xml
Loading library manifest /home/runner/.gradle/caches/9.3.1/transforms/2128328a52068c70498e65c7d6e0a22a/transformed/lifecycle-viewmodel-ktx-2.8.7/AndroidManifest.xml
Loading library manifest /home/runner/.gradle/caches/9.3.1/transforms/f9c13c617504888d3d489771abbfd276/transformed/lifecycle-viewmodel-compose-release/AndroidManifest.xml
Loading library manifest /home/runner/.gradle/caches/9.3.1/transforms/92285ee17bdfd8d0c52e2f19c0b920d3/transformed/lifecycle-runtime-compose-release/AndroidManifest.xml
Loading library manifest /home/runner/.gradle/caches/9.3.1/transforms/c5e9ef2855db2625950747b540a6e28d/transformed/lifecycle-runtime-ktx-release/AndroidManifest.xml
Loading library manifest /home/runner/.gradle/caches/9.3.1/transforms/56e9ef9d08abad0987b26529edae770d/transformed/runtime-saveable-release/AndroidManifest.xml
Loading library manifest /home/runner/.gradle/caches/9.3.1/transforms/cc366232fc24cb00d53cb24f5906e5c0/transformed/runtime-release/AndroidManifest.xml
Loading library manifest /home/runner/.gradle/caches/9.3.1/transforms/8521e1b7318da0e60697d5befb347025/transformed/datastore-core-release/AndroidManifest.xml
Loading library manifest /home/runner/.gradle/caches/9.3.1/transforms/84f1943b14b6d25def2a9b8df63a0129/transformed/datastore-preferences-core-release/AndroidManifest.xml
Loading library manifest /home/runner/.gradle/caches/9.3.1/transforms/7eff38b7c3061f004f63056df41981fc/transformed/datastore-release/AndroidManifest.xml
Loading library manifest /home/runner/.gradle/caches/9.3.1/transforms/35cebe207f88fb9a0d74eb14e8de255a/transformed/datastore-preferences-release/AndroidManifest.xml
Loading library manifest /home/runner/.gradle/caches/9.3.1/transforms/fb36537424179cc5867e4f3f1fad75f3/transformed/profileinstaller-1.4.0/AndroidManifest.xml
Loading library manifest /home/runner/.gradle/caches/9.3.1/transforms/162727f0642f19b261d9b75a723ab7bf/transformed/play-services-tasks-18.4.0/AndroidManifest.xml
Loading library manifest /home/runner/.gradle/caches/9.3.1/transforms/86045f1de7944d16e52f80ad71b63914/transformed/play-services-basement-18.9.0/AndroidManifest.xml
Loading library manifest /home/runner/.gradle/caches/9.3.1/transforms/9dcb0a34e8b6216a7ce7032cab37c161/transformed/fragment-1.3.6/AndroidManifest.xml
Loading library manifest /home/runner/.gradle/caches/9.3.1/transforms/cf9f61fafa746216ded76d009ae30f1f/transformed/activity-1.10.1/AndroidManifest.xml
Loading library manifest /home/runner/.gradle/caches/9.3.1/transforms/0f7ba1c057308bf5587182ddd4f922d8/transformed/activity-ktx-1.10.1/AndroidManifest.xml
Loading library manifest /home/runner/.gradle/caches/9.3.1/transforms/639f57ea3a5f5afa984dc59c8e1356f6/transformed/activity-compose-1.10.1/AndroidManifest.xml
Loading library manifest /home/runner/.gradle/caches/9.3.1/transforms/f4f3d967e198607f614fdb6c3ab5ab19/transformed/subsampling-scale-image-view-66e0db195d/AndroidManifest.xml
Loading library manifest /home/runner/.gradle/caches/9.3.1/transforms/0e9acfa9fbd26d2e22fd651e6512c8d9/transformed/okhttp/AndroidManifest.xml
Loading library manifest /home/runner/.gradle/caches/9.3.1/transforms/0113d22436bd3edcb76e7cce9c9f6fb2/transformed/zstd-kmp-okio-release/AndroidManifest.xml
Loading library manifest /home/runner/.gradle/caches/9.3.1/transforms/409ff51e93b2f2ec4c3f256b7f0d3788/transformed/annotation-experimental-1.4.1/AndroidManifest.xml
Loading library manifest /home/runner/.gradle/caches/9.3.1/transforms/3ce1269aca483c345ba5acc4632669c4/transformed/core-viewtree-1.0.0/AndroidManifest.xml
Loading library manifest /home/runner/.gradle/caches/9.3.1/transforms/23c960d527e877ce69dcd84fbfc8475b/transformed/sqlite-framework-release/AndroidManifest.xml
Loading library manifest /home/runner/.gradle/caches/9.3.1/transforms/773c1c838f3e7b3ea728449a5dffa06a/transformed/sqlite-release/AndroidManifest.xml
Loading library manifest /home/runner/.gradle/caches/9.3.1/transforms/88cfbcd48f6506d8634b4f05a4438bc6/transformed/image-decoder-e08e9be535/AndroidManifest.xml
Loading library manifest /home/runner/.gradle/caches/9.3.1/transforms/46cee70d3a631d88c0f41f877731bb6e/transformed/DirectionalViewPager-1.0.0/AndroidManifest.xml
Loading library manifest /home/runner/.gradle/caches/9.3.1/transforms/392626b2116bbecfd77530db852970c4/transformed/firebase-components-19.0.0/AndroidManifest.xml
Loading library manifest /home/runner/.gradle/caches/9.3.1/transforms/0e4c29cd4eeeb578abc12e715cba1fc3/transformed/core-runtime-2.2.0/AndroidManifest.xml
Loading library manifest /home/runner/.gradle/caches/9.3.1/transforms/4113fc488cd691b4b590579b34ce94c0/transformed/interpolator-1.0.0/AndroidManifest.xml
Loading library manifest /home/runner/.gradle/caches/9.3.1/transforms/3c7276b2b8a0306569cca32085dcfa9f/transformed/startup-runtime-1.2.0/AndroidManifest.xml
Loading library manifest /home/runner/.gradle/caches/9.3.1/transforms/c1b4be3aeef8150e52ff81aef5a8303f/transformed/tracing-1.2.0/AndroidManifest.xml
Loading library manifest /home/runner/.gradle/caches/9.3.1/transforms/18da7dc8dfb2ba22be73f9d1220db374/transformed/versionedparcelable-1.1.1/AndroidManifest.xml
Loading library manifest /home/runner/.gradle/caches/9.3.1/transforms/ee3a9e0c850b63bc16575512a12ad177/transformed/security-crypto-1.1.0-alpha03/AndroidManifest.xml
Loading library manifest /home/runner/.gradle/caches/9.3.1/transforms/6b79815e1f50a26a6e396d9945272c37/transformed/exifinterface-1.3.7/AndroidManifest.xml
Loading library manifest /home/runner/.gradle/caches/9.3.1/transforms/4755b8cd1fe2f619fc853cd7a9a20bf0/transformed/cursoradapter-1.0.0/AndroidManifest.xml
Loading library manifest /home/runner/.gradle/caches/9.3.1/transforms/555ea2bf3bf08d6badf9ac0e5accd32e/transformed/zstd-kmp-release/AndroidManifest.xml
Loading library manifest /home/runner/.gradle/caches/9.3.1/transforms/329d819244387a8f918bcd62b93f27d6/transformed/rxandroid-1.2.1/AndroidManifest.xml
Loading library manifest /home/runner/.gradle/caches/9.3.1/transforms/00487f9b35f2d4e32110c704bc29836a/transformed/core-common-2.0.4/AndroidManifest.xml
Merging main manifest /home/runner/work/Nekoread/Nekoread/app/src/main/AndroidManifest.xml

Merging library manifest /home/runner/.gradle/caches/9.3.1/transforms/73aa0303fd846f57bedcad9b1bec964e/transformed/navigation-common-2.8.9/AndroidManifest.xml
Merging manifest with lower [androidx.navigation:navigation-common:2.8.9] AndroidManifest.xml:17:1-22:12
uses-sdk defined in both files...
Merging uses-sdk with lower [androidx.navigation:navigation-common:2.8.9] AndroidManifest.xml:20:5-44
Merging library manifest /home/runner/.gradle/caches/9.3.1/transforms/de8b614b8c64b41f64d3c5beda029629/transformed/navigation-runtime-2.8.9/AndroidManifest.xml
Merging manifest with lower [androidx.navigation:navigation-runtime:2.8.9] AndroidManifest.xml:17:1-22:12
uses-sdk defined in both files...
Merging uses-sdk with lower [androidx.navigation:navigation-runtime:2.8.9] AndroidManifest.xml:20:5-44
Merging library manifest /home/runner/.gradle/caches/9.3.1/transforms/24290903d6d028bf28a36480a359583b/transformed/navigation-common-ktx-2.8.9/AndroidManifest.xml
Merging manifest with lower [androidx.navigation:navigation-common-ktx:2.8.9] AndroidManifest.xml:2:1-7:12
uses-sdk defined in both files...
Merging uses-sdk with lower [androidx.navigation:navigation-common-ktx:2.8.9] AndroidManifest.xml:5:5-44
Merging library manifest /home/runner/.gradle/caches/9.3.1/transforms/254ef5e2bb326c7a4bc71be69d437835/transformed/navigation-runtime-ktx-2.8.9/AndroidManifest.xml
Merging manifest with lower [androidx.navigation:navigation-runtime-ktx:2.8.9] AndroidManifest.xml:2:1-7:12
uses-sdk defined in both files...
Merging uses-sdk with lower [androidx.navigation:navigation-runtime-ktx:2.8.9] AndroidManifest.xml:5:5-44
Merging library manifest /home/runner/.gradle/caches/9.3.1/transforms/162b4c6074eda3f66dee8e7cc35aafe1/transformed/navigation-compose-2.8.9/AndroidManifest.xml
Merging manifest with lower [androidx.navigation:navigation-compose:2.8.9] AndroidManifest.xml:2:1-7:12
uses-sdk defined in both files...
Merging uses-sdk with lower [androidx.navigation:navigation-compose:2.8.9] AndroidManifest.xml:5:5-44
Merging library manifest /home/runner/.gradle/caches/9.3.1/transforms/7c4319d6d8f29686eb959ff820bda4cd/transformed/preference-ktx-1.2.1/AndroidManifest.xml
Merging manifest with lower [androidx.preference:preference-ktx:1.2.1] AndroidManifest.xml:17:1-24:12
uses-sdk defined in both files...
Merging uses-sdk with lower [androidx.preference:preference-ktx:1.2.1] AndroidManifest.xml:20:5-22:41
Merging library manifest /home/runner/.gradle/caches/9.3.1/transforms/8c9c4e4fc9487994887ff79275772bea/transformed/preference-1.2.1/AndroidManifest.xml
Merging manifest with lower [androidx.preference:preference:1.2.1] AndroidManifest.xml:17:1-24:12
uses-sdk defined in both files...
Merging uses-sdk with lower [androidx.preference:preference:1.2.1] AndroidManifest.xml:20:5-22:41
Merging library manifest /home/runner/.gradle/caches/9.3.1/transforms/e4cb113882664a582349491d4712bec0/transformed/fragment-ktx-1.3.6/AndroidManifest.xml
Merging manifest with lower [androidx.fragment:fragment-ktx:1.3.6] AndroidManifest.xml:17:1-24:12
uses-sdk defined in both files...
Merging uses-sdk with lower [androidx.fragment:fragment-ktx:1.3.6] AndroidManifest.xml:20:5-22:41
Merging library manifest /home/runner/.gradle/caches/9.3.1/transforms/86cd624e59af9811aff76814984e65f2/transformed/firebase-appcheck-recaptcha-19.0.0/AndroidManifest.xml
Merging manifest with lower [com.google.firebase:firebase-appcheck-recaptcha:19.0.0] AndroidManifest.xml:15:1-30:12
uses-sdk defined in both files...
Merging uses-sdk with lower [com.google.firebase:firebase-appcheck-recaptcha:19.0.0] AndroidManifest.xml:18:5-44
application defined in both files...
Merging application with lower [com.google.firebase:firebase-appcheck-recaptcha:19.0.0] AndroidManifest.xml:20:5-28:19
Adopted [service: null]
Merging library manifest /home/runner/.gradle/caches/9.3.1/transforms/af46903c341cb42785acbb10031d9843/transformed/recaptcha-18.7.1/AndroidManifest.xml
Merging manifest with lower [com.google.android.recaptcha:recaptcha:18.7.1] AndroidManifest.xml:2:1-11:12
uses-sdk defined in both files...
Merging uses-sdk with lower [com.google.android.recaptcha:recaptcha:18.7.1] AndroidManifest.xml:5:5-44
uses-permission#android.permission.INTERNET defined in both files...
Merging uses-permission#android.permission.INTERNET with lower [com.google.android.recaptcha:recaptcha:18.7.1] AndroidManifest.xml:7:5-67
Adopted [uses-permission: null]
Adopted [uses-permission: null]
Merging library manifest /home/runner/.gradle/caches/9.3.1/transforms/d4face482c112baba9c998891468cdb8/transformed/firebase-ai-17.13.0/AndroidManifest.xml
Merging manifest with lower [com.google.firebase:firebase-ai:17.13.0] AndroidManifest.xml:15:1-37:12
uses-sdk defined in both files...
Merging uses-sdk with lower [com.google.firebase:firebase-ai:17.13.0] AndroidManifest.xml:18:5-44
uses-permission#android.permission.ACCESS_NETWORK_STATE defined in both files...
Merging uses-permission#android.permission.ACCESS_NETWORK_STATE with lower [com.google.firebase:firebase-ai:17.13.0] AndroidManifest.xml:22:5-79
uses-permission#android.permission.INTERNET defined in both files...
Merging uses-permission#android.permission.INTERNET with lower [com.google.firebase:firebase-ai:17.13.0] AndroidManifest.xml:23:5-67
application defined in both files...
Merging application with lower [com.google.firebase:firebase-ai:17.13.0] AndroidManifest.xml:27:5-35:19
service#com.google.firebase.components.ComponentDiscoveryService defined in both files...
Merging service#com.google.firebase.components.ComponentDiscoveryService with lower [com.google.firebase:firebase-ai:17.13.0] AndroidManifest.xml:28:9-34:19
Adopted [meta-data: null]
Merging library manifest /home/runner/.gradle/caches/9.3.1/transforms/9f0bf859c1c361a2ec801b9371630c20/transformed/firebase-appcheck-19.2.0/AndroidManifest.xml
Merging manifest with lower [com.google.firebase:firebase-appcheck:19.2.0] AndroidManifest.xml:15:1-34:12
uses-sdk defined in both files...
Merging uses-sdk with lower [com.google.firebase:firebase-appcheck:19.2.0] AndroidManifest.xml:18:5-44
application defined in both files...
Merging application with lower [com.google.firebase:firebase-appcheck:19.2.0] AndroidManifest.xml:21:5-32:19
service#com.google.firebase.components.ComponentDiscoveryService defined in both files...
Merging service#com.google.firebase.components.ComponentDiscoveryService with lower [com.google.firebase:firebase-appcheck:19.2.0] AndroidManifest.xml:22:9-31:19
Adopted [meta-data: null]
Adopted [meta-data: null]
Merging library manifest /home/runner/.gradle/caches/9.3.1/transforms/f7c75cde0372d6165468efcfb4bd525c/transformed/firebase-appcheck-interop-17.1.0/AndroidManifest.xml
Merging manifest with lower [com.google.firebase:firebase-appcheck-interop:17.1.0] AndroidManifest.xml:15:1-23:12
uses-sdk defined in both files...
Merging uses-sdk with lower [com.google.firebase:firebase-appcheck-interop:17.1.0] AndroidManifest.xml:18:5-44
application defined in both files...
Merging application with lower [com.google.firebase:firebase-appcheck-interop:17.1.0] AndroidManifest.xml:21:5-20
Merging library manifest /home/runner/.gradle/caches/9.3.1/transforms/c17217b970403d971cbcd7e29e852a39/transformed/firebase-auth-interop-18.0.0/AndroidManifest.xml
Merging manifest with lower [com.google.firebase:firebase-auth-interop:18.0.0] AndroidManifest.xml:2:1-10:12
uses-sdk defined in both files...
Merging uses-sdk with lower [com.google.firebase:firebase-auth-interop:18.0.0] AndroidManifest.xml:5:5-44
application defined in both files...
Merging application with lower [com.google.firebase:firebase-auth-interop:18.0.0] AndroidManifest.xml:7:5-8:19
Merging library manifest /home/runner/.gradle/caches/9.3.1/transforms/470e5651d094e95aa076048baaed867b/transformed/play-services-recaptchabase-16.1.0/AndroidManifest.xml
Merging manifest with lower [com.google.android.gms:play-services-recaptchabase:16.1.0] AndroidManifest.xml:2:1-7:12
uses-sdk defined in both files...
Merging uses-sdk with lower [com.google.android.gms:play-services-recaptchabase:16.1.0] AndroidManifest.xml:5:5-44
Merging library manifest /home/runner/.gradle/caches/9.3.1/transforms/16a40a5e428abd0e6bff2fd68443a43e/transformed/play-services-base-18.9.0/AndroidManifest.xml
Merging manifest with lower [com.google.android.gms:play-services-base:18.9.0] AndroidManifest.xml:16:1-24:12
uses-sdk defined in both files...
Merging uses-sdk with lower [com.google.android.gms:play-services-base:18.9.0] AndroidManifest.xml:18:5-43
application defined in both files...
Merging application with lower [com.google.android.gms:play-services-base:18.9.0] AndroidManifest.xml:19:5-23:19
Adopted [activity: null]
Merging library manifest /home/runner/.gradle/caches/9.3.1/transforms/aadaf044a7af95ced7bebc93fea9e5b3/transformed/firebase-ai-ondevice-interop-16.0.0-beta03/AndroidManifest.xml
Merging manifest with lower [com.google.firebase:firebase-ai-ondevice-interop:16.0.0-beta03] AndroidManifest.xml:15:1-24:12
uses-sdk defined in both files...
Merging uses-sdk with lower [com.google.firebase:firebase-ai-ondevice-interop:16.0.0-beta03] AndroidManifest.xml:18:5-44
application defined in both files...
Merging application with lower [com.google.firebase:firebase-ai-ondevice-interop:16.0.0-beta03] AndroidManifest.xml:21:5-22:19
Merging library manifest /home/runner/.gradle/caches/9.3.1/transforms/bdf183c7af7ac5a9bb91827683fc16f9/transformed/firebase-common-22.1.0/AndroidManifest.xml
Merging manifest with lower [com.google.firebase:firebase-common:22.1.0] AndroidManifest.xml:15:1-41:12
uses-sdk defined in both files...
Merging uses-sdk with lower [com.google.firebase:firebase-common:22.1.0] AndroidManifest.xml:19:5-44
application defined in both files...
Merging application with lower [com.google.firebase:firebase-common:22.1.0] AndroidManifest.xml:22:5-39:19
Adopted [provider: null]
service#com.google.firebase.components.ComponentDiscoveryService defined in both files...
Merging service#com.google.firebase.components.ComponentDiscoveryService with lower [com.google.firebase:firebase-common:22.1.0] AndroidManifest.xml:30:9-38:19
Adopted [meta-data: null]
Merging library manifest /home/runner/.gradle/caches/9.3.1/transforms/a9c6178f5e962fcb2d93527549e84dc4/transformed/integrity-1.4.0/AndroidManifest.xml
Merging manifest with lower [com.google.android.play:integrity:1.4.0] AndroidManifest.xml:2:1-7:12
uses-sdk defined in both files...
Merging uses-sdk with lower [com.google.android.play:integrity:1.4.0] AndroidManifest.xml:4:5-44
application defined in both files...
Merging application with lower [com.google.android.play:integrity:1.4.0] AndroidManifest.xml:5:5-6:19
Merging library manifest /home/runner/.gradle/caches/9.3.1/transforms/f4e407510e2ebc33b7348726912a844e/transformed/room-runtime-release/AndroidManifest.xml
Merging manifest with lower [androidx.room:room-runtime-android:2.7.0] AndroidManifest.xml:17:1-31:12
uses-sdk defined in both files...
Merging uses-sdk with lower [androidx.room:room-runtime-android:2.7.0] AndroidManifest.xml:21:5-44
application defined in both files...
Merging application with lower [androidx.room:room-runtime-android:2.7.0] AndroidManifest.xml:23:5-29:19
Adopted [service: null]
Merging library manifest /home/runner/.gradle/caches/9.3.1/transforms/fbad852c1a94737e38f161f01595996e/transformed/room-ktx-2.7.0/AndroidManifest.xml
Merging manifest with lower [androidx.room:room-ktx:2.7.0] AndroidManifest.xml:17:1-22:12
uses-sdk defined in both files...
Merging uses-sdk with lower [androidx.room:room-ktx:2.7.0] AndroidManifest.xml:20:5-44
Merging library manifest /home/runner/.gradle/caches/9.3.1/transforms/cf9cbd078821093208f2d87febf165b6/transformed/material3-release/AndroidManifest.xml
Merging manifest with lower [androidx.compose.material3:material3-android:1.3.0] AndroidManifest.xml:17:1-22:12
uses-sdk defined in both files...
Merging uses-sdk with lower [androidx.compose.material3:material3-android:1.3.0] AndroidManifest.xml:20:5-44
Merging library manifest /home/runner/.gradle/caches/9.3.1/transforms/b28725a39b7bf66d72f1911a973c9e72/transformed/coil-compose-2.7.0/AndroidManifest.xml
Merging manifest with lower [io.coil-kt:coil-compose:2.7.0] AndroidManifest.xml:2:1-7:12
uses-sdk defined in both files...
Merging uses-sdk with lower [io.coil-kt:coil-compose:2.7.0] AndroidManifest.xml:5:5-44
Merging library manifest /home/runner/.gradle/caches/9.3.1/transforms/ecafb17bac6fc47893ff5c68616a8970/transformed/coil-compose-base-2.7.0/AndroidManifest.xml
Merging manifest with lower [io.coil-kt:coil-compose-base:2.7.0] AndroidManifest.xml:2:1-7:12
uses-sdk defined in both files...
Merging uses-sdk with lower [io.coil-kt:coil-compose-base:2.7.0] AndroidManifest.xml:5:5-44
Merging library manifest /home/runner/.gradle/caches/9.3.1/transforms/afc234601797f0c2ef3fb63f9db64175/transformed/recyclerview-1.4.0/AndroidManifest.xml
Merging manifest with lower [androidx.recyclerview:recyclerview:1.4.0] AndroidManifest.xml:2:1-7:12
uses-sdk defined in both files...
Merging uses-sdk with lower [androidx.recyclerview:recyclerview:1.4.0] AndroidManifest.xml:5:5-44
Merging library manifest /home/runner/.gradle/caches/9.3.1/transforms/db4352726371f46ff506003e64c137fa/transformed/material-icons-extended-release/AndroidManifest.xml
Merging manifest with lower [androidx.compose.material:material-icons-extended-android:1.7.0] AndroidManifest.xml:2:1-7:12
uses-sdk defined in both files...
Merging uses-sdk with lower [androidx.compose.material:material-icons-extended-android:1.7.0] AndroidManifest.xml:5:5-44
Merging library manifest /home/runner/.gradle/caches/9.3.1/transforms/1015daa72cc4ede727c9923ea4f3c8c1/transformed/material-ripple-release/AndroidManifest.xml
Merging manifest with lower [androidx.compose.material:material-ripple-android:1.7.0] AndroidManifest.xml:2:1-7:12
uses-sdk defined in both files...
Merging uses-sdk with lower [androidx.compose.material:material-ripple-android:1.7.0] AndroidManifest.xml:5:5-44
Merging library manifest /home/runner/.gradle/caches/9.3.1/transforms/7a7547a7b1a44bcb7f84091a5bce6630/transformed/foundation-layout-release/AndroidManifest.xml
Merging manifest with lower [androidx.compose.foundation:foundation-layout-android:1.7.2] AndroidManifest.xml:2:1-7:12
uses-sdk defined in both files...
Merging uses-sdk with lower [androidx.compose.foundation:foundation-layout-android:1.7.2] AndroidManifest.xml:5:5-44
Merging library manifest /home/runner/.gradle/caches/9.3.1/transforms/b7936f0d9a49f561d580835f1b656d18/transformed/foundation-release/AndroidManifest.xml
Merging manifest with lower [androidx.compose.foundation:foundation-android:1.7.2] AndroidManifest.xml:2:1-7:12
uses-sdk defined in both files...
Merging uses-sdk with lower [androidx.compose.foundation:foundation-android:1.7.2] AndroidManifest.xml:5:5-44
Merging library manifest /home/runner/.gradle/caches/9.3.1/transforms/8acc88d214a6ae9d460d9995ee5cd9ac/transformed/animation-core-release/AndroidManifest.xml
Merging manifest with lower [androidx.compose.animation:animation-core-android:1.7.2] AndroidManifest.xml:2:1-7:12
uses-sdk defined in both files...
Merging uses-sdk with lower [androidx.compose.animation:animation-core-android:1.7.2] AndroidManifest.xml:5:5-44
Merging library manifest /home/runner/.gradle/caches/9.3.1/transforms/b54d803e2b5f4c4ad1b3f9476e838013/transformed/animation-release/AndroidManifest.xml
Merging manifest with lower [androidx.compose.animation:animation-android:1.7.2] AndroidManifest.xml:2:1-7:12
uses-sdk defined in both files...
Merging uses-sdk with lower [androidx.compose.animation:animation-android:1.7.2] AndroidManifest.xml:5:5-44
Merging library manifest /home/runner/.gradle/caches/9.3.1/transforms/51981c21e9ad91f2dff8ad1f2bb32135/transformed/ui-tooling-data-release/AndroidManifest.xml
Merging manifest with lower [androidx.compose.ui:ui-tooling-data-android:1.7.2] AndroidManifest.xml:2:1-7:12
uses-sdk defined in both files...
Merging uses-sdk with lower [androidx.compose.ui:ui-tooling-data-android:1.7.2] AndroidManifest.xml:5:5-44
Merging library manifest /home/runner/.gradle/caches/9.3.1/transforms/0a8e33817147be981146da11f0cf5810/transformed/ui-geometry-release/AndroidManifest.xml
Merging manifest with lower [androidx.compose.ui:ui-geometry-android:1.7.2] AndroidManifest.xml:2:1-7:12
uses-sdk defined in both files...
Merging uses-sdk with lower [androidx.compose.ui:ui-geometry-android:1.7.2] AndroidManifest.xml:5:5-44
Merging library manifest /home/runner/.gradle/caches/9.3.1/transforms/486b8c4bfa539c53de39fba58e006767/transformed/ui-tooling-preview-release/AndroidManifest.xml
Merging manifest with lower [androidx.compose.ui:ui-tooling-preview-android:1.7.2] AndroidManifest.xml:17:1-22:12
uses-sdk defined in both files...
Merging uses-sdk with lower [androidx.compose.ui:ui-tooling-preview-android:1.7.2] AndroidManifest.xml:20:5-44
Merging library manifest /home/runner/.gradle/caches/9.3.1/transforms/650e3729cb7c45b2fa529665901a746c/transformed/ui-util-release/AndroidManifest.xml
Merging manifest with lower [androidx.compose.ui:ui-util-android:1.7.2] AndroidManifest.xml:2:1-7:12
uses-sdk defined in both files...
Merging uses-sdk with lower [androidx.compose.ui:ui-util-android:1.7.2] AndroidManifest.xml:5:5-44
Merging library manifest /home/runner/.gradle/caches/9.3.1/transforms/619366bce90ca68d41de69aee4e82521/transformed/ui-unit-release/AndroidManifest.xml
Merging manifest with lower [androidx.compose.ui:ui-unit-android:1.7.2] AndroidManifest.xml:2:1-7:12
uses-sdk defined in both files...
Merging uses-sdk with lower [androidx.compose.ui:ui-unit-android:1.7.2] AndroidManifest.xml:5:5-44
Merging library manifest /home/runner/.gradle/caches/9.3.1/transforms/68db0080b4e153f76b9c95d0b9b0f0be/transformed/ui-text-release/AndroidManifest.xml
Merging manifest with lower [androidx.compose.ui:ui-text-android:1.7.2] AndroidManifest.xml:2:1-7:12
uses-sdk defined in both files...
Merging uses-sdk with lower [androidx.compose.ui:ui-text-android:1.7.2] AndroidManifest.xml:5:5-44
Merging library manifest /home/runner/.gradle/caches/9.3.1/transforms/b8d34df09873044700e4a515591d5a4b/transformed/ui-graphics-release/AndroidManifest.xml
Merging manifest with lower [androidx.compose.ui:ui-graphics-android:1.7.2] AndroidManifest.xml:2:1-7:12
uses-sdk defined in both files...
Merging uses-sdk with lower [androidx.compose.ui:ui-graphics-android:1.7.2] AndroidManifest.xml:5:5-44
Merging library manifest /home/runner/.gradle/caches/9.3.1/transforms/8d8df9bc8ce65ad7e7b9ea408df0ba71/transformed/ui-test-manifest-1.7.2/AndroidManifest.xml
Merging manifest with lower [androidx.compose.ui:ui-test-manifest:1.7.2] AndroidManifest.xml:17:1-28:12
uses-sdk defined in both files...
Merging uses-sdk with lower [androidx.compose.ui:ui-test-manifest:1.7.2] AndroidManifest.xml:20:5-44
application defined in both files...
Merging application with lower [androidx.compose.ui:ui-test-manifest:1.7.2] AndroidManifest.xml:22:5-26:19
Adopted [activity: null]
Merging library manifest /home/runner/.gradle/caches/9.3.1/transforms/0490da1dc90c7485e539760eebf656c7/transformed/ui-tooling-release/AndroidManifest.xml
Merging manifest with lower [androidx.compose.ui:ui-tooling-android:1.7.2] AndroidManifest.xml:17:1-28:12
uses-sdk defined in both files...
Merging uses-sdk with lower [androidx.compose.ui:ui-tooling-android:1.7.2] AndroidManifest.xml:20:5-44
application defined in both files...
Merging application with lower [androidx.compose.ui:ui-tooling-android:1.7.2] AndroidManifest.xml:22:5-26:19
Adopted [activity: null]
Merging library manifest /home/runner/.gradle/caches/9.3.1/transforms/94271e90f3d74cfb7b8f6b4ad93468ba/transformed/material-release/AndroidManifest.xml
Merging manifest with lower [androidx.compose.material:material-android:1.7.0] AndroidManifest.xml:2:1-7:12
uses-sdk defined in both files...
Merging uses-sdk with lower [androidx.compose.material:material-android:1.7.0] AndroidManifest.xml:5:5-44
Merging library manifest /home/runner/.gradle/caches/9.3.1/transforms/b5cf8acfefff712410d730405b009186/transformed/material-icons-core-release/AndroidManifest.xml
Merging manifest with lower [androidx.compose.material:material-icons-core-android:1.7.0] AndroidManifest.xml:2:1-7:12
uses-sdk defined in both files...
Merging uses-sdk with lower [androidx.compose.material:material-icons-core-android:1.7.0] AndroidManifest.xml:5:5-44
Merging library manifest /home/runner/.gradle/caches/9.3.1/transforms/9b8a5eb59292e297c1044d2a57074e35/transformed/accompanist-drawablepainter-0.32.0/AndroidManifest.xml
Merging manifest with lower [com.google.accompanist:accompanist-drawablepainter:0.32.0] AndroidManifest.xml:17:1-23:12
uses-sdk defined in both files...
Merging uses-sdk with lower [com.google.accompanist:accompanist-drawablepainter:0.32.0] AndroidManifest.xml:21:5-44
Merging library manifest /home/runner/.gradle/caches/9.3.1/transforms/c968efab6c02b1c7c252e085387a8e96/transformed/ui-release/AndroidManifest.xml
Merging manifest with lower [androidx.compose.ui:ui-android:1.7.2] AndroidManifest.xml:2:1-7:12
uses-sdk defined in both files...
Merging uses-sdk with lower [androidx.compose.ui:ui-android:1.7.2] AndroidManifest.xml:5:5-44
Merging library manifest /home/runner/.gradle/caches/9.3.1/transforms/510fca7dc8a60e8f78c4c46abe82a386/transformed/customview-poolingcontainer-1.0.0/AndroidManifest.xml
Merging manifest with lower [androidx.customview:customview-poolingcontainer:1.0.0] AndroidManifest.xml:17:1-23:12
uses-sdk defined in both files...
Merging uses-sdk with lower [androidx.customview:customview-poolingcontainer:1.0.0] AndroidManifest.xml:20:5-21:38
Merging library manifest /home/runner/.gradle/caches/9.3.1/transforms/146b32b9505cb249fd89281baf5156bb/transformed/coil-2.7.0/AndroidManifest.xml
Merging manifest with lower [io.coil-kt:coil:2.7.0] AndroidManifest.xml:2:1-7:12
uses-sdk defined in both files...
Merging uses-sdk with lower [io.coil-kt:coil:2.7.0] AndroidManifest.xml:5:5-44
Merging library manifest /home/runner/.gradle/caches/9.3.1/transforms/95c6f5dd6765266fb0668d7132577523/transformed/coil-base-2.7.0/AndroidManifest.xml
Merging manifest with lower [io.coil-kt:coil-base:2.7.0] AndroidManifest.xml:2:1-7:12
uses-sdk defined in both files...
Merging uses-sdk with lower [io.coil-kt:coil-base:2.7.0] AndroidManifest.xml:5:5-44
Merging library manifest /home/runner/.gradle/caches/9.3.1/transforms/e9fded2daba3ced52ebad9e7b4553e72/transformed/appcompat-resources-1.6.1/AndroidManifest.xml
Merging manifest with lower [androidx.appcompat:appcompat-resources:1.6.1] AndroidManifest.xml:17:1-22:12
uses-sdk defined in both files...
Merging uses-sdk with lower [androidx.appcompat:appcompat-resources:1.6.1] AndroidManifest.xml:20:5-44
Merging library manifest /home/runner/.gradle/caches/9.3.1/transforms/9efec2b92f7a3cf9ff50b795e6bc55b0/transformed/appcompat-1.6.1/AndroidManifest.xml
Merging manifest with lower [androidx.appcompat:appcompat:1.6.1] AndroidManifest.xml:17:1-22:12
uses-sdk defined in both files...
Merging uses-sdk with lower [androidx.appcompat:appcompat:1.6.1] AndroidManifest.xml:20:5-44
Merging library manifest /home/runner/.gradle/caches/9.3.1/transforms/b07ce17cd1484897196d27f376d04b05/transformed/core-ktx-1.18.0/AndroidManifest.xml
Merging manifest with lower [androidx.core:core-ktx:1.18.0] AndroidManifest.xml:2:1-7:12
uses-sdk defined in both files...
Merging uses-sdk with lower [androidx.core:core-ktx:1.18.0] AndroidManifest.xml:5:5-44
Merging library manifest /home/runner/.gradle/caches/9.3.1/transforms/2335170d54488eb9e28edf32155ad0db/transformed/webkit-1.11.0/AndroidManifest.xml
Merging manifest with lower [androidx.webkit:webkit:1.11.0] AndroidManifest.xml:2:1-7:12
uses-sdk defined in both files...
Merging uses-sdk with lower [androidx.webkit:webkit:1.11.0] AndroidManifest.xml:5:5-44
Merging library manifest /home/runner/.gradle/caches/9.3.1/transforms/426bf3cd1ba0e1ddf7d76ab91eb17878/transformed/viewpager-1.1.0/AndroidManifest.xml
Merging manifest with lower [androidx.viewpager:viewpager:1.1.0] AndroidManifest.xml:2:1-7:12
uses-sdk defined in both files...
Merging uses-sdk with lower [androidx.viewpager:viewpager:1.1.0] AndroidManifest.xml:5:5-44
Merging library manifest /home/runner/.gradle/caches/9.3.1/transforms/0b0e582e26dd23f5f1c31bdbf7850b74/transformed/slidingpanelayout-1.2.0/AndroidManifest.xml
Merging manifest with lower [androidx.slidingpanelayout:slidingpanelayout:1.2.0] AndroidManifest.xml:17:1-24:12
uses-sdk defined in both files...
Merging uses-sdk with lower [androidx.slidingpanelayout:slidingpanelayout:1.2.0] AndroidManifest.xml:20:5-22:41
Merging library manifest /home/runner/.gradle/caches/9.3.1/transforms/7df1f23a2c939d158b9c0369cc4ec041/transformed/autofill-1.0.0/AndroidManifest.xml
Merging manifest with lower [androidx.autofill:autofill:1.0.0] AndroidManifest.xml:17:1-24:12
uses-sdk defined in both files...
Merging uses-sdk with lower [androidx.autofill:autofill:1.0.0] AndroidManifest.xml:20:5-22:41
Merging library manifest /home/runner/.gradle/caches/9.3.1/transforms/e9d1cfaa4db5d70dc3285689ecb93709/transformed/drawerlayout-1.0.0/AndroidManifest.xml
Merging manifest with lower [androidx.drawerlayout:drawerlayout:1.0.0] AndroidManifest.xml:17:1-22:12
uses-sdk defined in both files...
Merging uses-sdk with lower [androidx.drawerlayout:drawerlayout:1.0.0] AndroidManifest.xml:20:5-44
Merging library manifest /home/runner/.gradle/caches/9.3.1/transforms/87b37ca7c028f58206c02ed6f52c3682/transformed/customview-1.1.0/AndroidManifest.xml
Merging manifest with lower [androidx.customview:customview:1.1.0] AndroidManifest.xml:17:1-24:12
uses-sdk defined in both files...
Merging uses-sdk with lower [androidx.customview:customview:1.1.0] AndroidManifest.xml:20:5-22:41
Merging library manifest /home/runner/.gradle/caches/9.3.1/transforms/5361fe61be178d590ef47c3e552a4dc5/transformed/window-1.0.0/AndroidManifest.xml
Merging manifest with lower [androidx.window:window:1.0.0] AndroidManifest.xml:17:1-33:12
uses-sdk defined in both files...
Merging uses-sdk with lower [androidx.window:window:1.0.0] AndroidManifest.xml:20:5-22:41
application defined in both files...
Merging application with lower [androidx.window:window:1.0.0] AndroidManifest.xml:24:5-31:19
Adopted [uses-library: null]
Adopted [uses-library: null]
Merging library manifest /home/runner/.gradle/caches/9.3.1/transforms/38b1e9641bef3e718b6714149f828d65/transformed/transition-1.4.1/AndroidManifest.xml
Merging manifest with lower [androidx.transition:transition:1.4.1] AndroidManifest.xml:17:1-24:12
uses-sdk defined in both files...
Merging uses-sdk with lower [androidx.transition:transition:1.4.1] AndroidManifest.xml:20:5-22:41
Merging library manifest /home/runner/.gradle/caches/9.3.1/transforms/96ee721109f491ceea5b3826ad471e66/transformed/loader-1.0.0/AndroidManifest.xml
Merging manifest with lower [androidx.loader:loader:1.0.0] AndroidManifest.xml:17:1-22:12
uses-sdk defined in both files...
Merging uses-sdk with lower [androidx.loader:loader:1.0.0] AndroidManifest.xml:20:5-44
Merging library manifest /home/runner/.gradle/caches/9.3.1/transforms/8190d96a0c0e126e0baa5275eec78735/transformed/vectordrawable-animated-1.1.0/AndroidManifest.xml
Merging manifest with lower [androidx.vectordrawable:vectordrawable-animated:1.1.0] AndroidManifest.xml:17:1-24:12
uses-sdk defined in both files...
Merging uses-sdk with lower [androidx.vectordrawable:vectordrawable-animated:1.1.0] AndroidManifest.xml:20:5-22:41
Merging library manifest /home/runner/.gradle/caches/9.3.1/transforms/a5ad8b73ab1447f22a9860d5db4288ff/transformed/vectordrawable-1.1.0/AndroidManifest.xml
Merging manifest with lower [androidx.vectordrawable:vectordrawable:1.1.0] AndroidManifest.xml:17:1-24:12
uses-sdk defined in both files...
Merging uses-sdk with lower [androidx.vectordrawable:vectordrawable:1.1.0] AndroidManifest.xml:20:5-22:41
Merging library manifest /home/runner/.gradle/caches/9.3.1/transforms/1cdf2a7459a2b4159915b105e13e4065/transformed/graphics-path-1.0.1/AndroidManifest.xml
Merging manifest with lower [androidx.graphics:graphics-path:1.0.1] AndroidManifest.xml:2:1-7:12
uses-sdk defined in both files...
Merging uses-sdk with lower [androidx.graphics:graphics-path:1.0.1] AndroidManifest.xml:5:5-44
Merging library manifest /home/runner/.gradle/caches/9.3.1/transforms/f1b482bd2a3f152e490c0ad786e9c976/transformed/emoji2-views-helper-1.3.0/AndroidManifest.xml
Merging manifest with lower [androidx.emoji2:emoji2-views-helper:1.3.0] AndroidManifest.xml:2:1-7:12
uses-sdk defined in both files...
Merging uses-sdk with lower [androidx.emoji2:emoji2-views-helper:1.3.0] AndroidManifest.xml:5:5-44
Merging library manifest /home/runner/.gradle/caches/9.3.1/transforms/aad95cef09ad52253f85bf5f5ee7ca3b/transformed/emoji2-1.3.0/AndroidManifest.xml
Merging manifest with lower [androidx.emoji2:emoji2:1.3.0] AndroidManifest.xml:17:1-35:12
uses-sdk defined in both files...
Merging uses-sdk with lower [androidx.emoji2:emoji2:1.3.0] AndroidManifest.xml:21:5-44
application defined in both files...
Merging application with lower [androidx.emoji2:emoji2:1.3.0] AndroidManifest.xml:23:5-33:19
Adopted [provider: null]
Merging library manifest /home/runner/.gradle/caches/9.3.1/transforms/bf724d8c480b5f4046ae17480dbebd21/transformed/core-1.18.0/AndroidManifest.xml
Merging manifest with lower [androidx.core:core:1.18.0] AndroidManifest.xml:17:1-30:12
uses-sdk defined in both files...
Merging uses-sdk with lower [androidx.core:core:1.18.0] AndroidManifest.xml:20:5-44
Adopted [permission: null]
Adopted [uses-permission: null]
application defined in both files...
Merging application with lower [androidx.core:core:1.18.0] AndroidManifest.xml:28:5-89
Merging library manifest /home/runner/.gradle/caches/9.3.1/transforms/a506b06cb255c0f578d7ad675b36fb92/transformed/savedstate-ktx-1.2.1/AndroidManifest.xml
Merging manifest with lower [androidx.savedstate:savedstate-ktx:1.2.1] AndroidManifest.xml:17:1-22:12
uses-sdk defined in both files...
Merging uses-sdk with lower [androidx.savedstate:savedstate-ktx:1.2.1] AndroidManifest.xml:20:5-44
Merging library manifest /home/runner/.gradle/caches/9.3.1/transforms/bde37ee82a707aad662674526778dbe7/transformed/savedstate-1.2.1/AndroidManifest.xml
Merging manifest with lower [androidx.savedstate:savedstate:1.2.1] AndroidManifest.xml:17:1-22:12
uses-sdk defined in both files...
Merging uses-sdk with lower [androidx.savedstate:savedstate:1.2.1] AndroidManifest.xml:20:5-44
Merging library manifest /home/runner/.gradle/caches/9.3.1/transforms/9ac6d9cb493f59b7f2eabd3a72eb9510/transformed/lifecycle-livedata-2.8.7/AndroidManifest.xml
Merging manifest with lower [androidx.lifecycle:lifecycle-livedata:2.8.7] AndroidManifest.xml:17:1-22:12
uses-sdk defined in both files...
Merging uses-sdk with lower [androidx.lifecycle:lifecycle-livedata:2.8.7] AndroidManifest.xml:20:5-44
Merging library manifest /home/runner/.gradle/caches/9.3.1/transforms/281261780ded941c133770f43f757958/transformed/lifecycle-process-2.8.7/AndroidManifest.xml
Merging manifest with lower [androidx.lifecycle:lifecycle-process:2.8.7] AndroidManifest.xml:17:1-35:12
uses-sdk defined in both files...
Merging uses-sdk with lower [androidx.lifecycle:lifecycle-process:2.8.7] AndroidManifest.xml:21:5-44
application defined in both files...
Merging application with lower [androidx.lifecycle:lifecycle-process:2.8.7] AndroidManifest.xml:23:5-33:19
provider#androidx.startup.InitializationProvider defined in both files...
Merging provider#androidx.startup.InitializationProvider with lower [androidx.lifecycle:lifecycle-process:2.8.7] AndroidManifest.xml:24:9-32:20
Adopted [meta-data: null]
Merging library manifest /home/runner/.gradle/caches/9.3.1/transforms/a2808c9d685a654f2d47175769978e24/transformed/lifecycle-livedata-core-2.8.7/AndroidManifest.xml
Merging manifest with lower [androidx.lifecycle:lifecycle-livedata-core:2.8.7] AndroidManifest.xml:17:1-22:12
uses-sdk defined in both files...
Merging uses-sdk with lower [androidx.lifecycle:lifecycle-livedata-core:2.8.7] AndroidManifest.xml:20:5-44
Merging library manifest /home/runner/.gradle/caches/9.3.1/transforms/7afda5c80029fc7d872d372eb0714ed2/transformed/lifecycle-viewmodel-2.8.7/AndroidManifest.xml
Merging manifest with lower [androidx.lifecycle:lifecycle-viewmodel:2.8.7] AndroidManifest.xml:2:1-5:12
uses-sdk defined in both files...
Merging uses-sdk with lower [androidx.lifecycle:lifecycle-viewmodel:2.8.7] AndroidManifest.xml:4:5-43
Merging library manifest /home/runner/.gradle/caches/9.3.1/transforms/1c2469692901cadf582ba51b6b06f2cb/transformed/lifecycle-viewmodel-release/AndroidManifest.xml
Merging manifest with lower [androidx.lifecycle:lifecycle-viewmodel-android:2.8.7] AndroidManifest.xml:17:1-22:12
uses-sdk defined in both files...
Merging uses-sdk with lower [androidx.lifecycle:lifecycle-viewmodel-android:2.8.7] AndroidManifest.xml:20:5-44
Merging library manifest /home/runner/.gradle/caches/9.3.1/transforms/204bf52b13c8d5c547101d571a73e8ed/transformed/lifecycle-runtime-release/AndroidManifest.xml
Merging manifest with lower [androidx.lifecycle:lifecycle-runtime-android:2.8.7] AndroidManifest.xml:17:1-22:12
uses-sdk defined in both files...
Merging uses-sdk with lower [androidx.lifecycle:lifecycle-runtime-android:2.8.7] AndroidManifest.xml:20:5-44
Merging library manifest /home/runner/.gradle/caches/9.3.1/transforms/1c47750540ae22cf99bd14f030d1ed75/transformed/lifecycle-livedata-core-ktx-2.8.7/AndroidManifest.xml
Merging manifest with lower [androidx.lifecycle:lifecycle-livedata-core-ktx:2.8.7] AndroidManifest.xml:2:1-7:12
uses-sdk defined in both files...
Merging uses-sdk with lower [androidx.lifecycle:lifecycle-livedata-core-ktx:2.8.7] AndroidManifest.xml:5:5-44
Merging library manifest /home/runner/.gradle/caches/9.3.1/transforms/55158d871d3afd086d8887813b29412f/transformed/lifecycle-viewmodel-savedstate-2.8.7/AndroidManifest.xml
Merging manifest with lower [androidx.lifecycle:lifecycle-viewmodel-savedstate:2.8.7] AndroidManifest.xml:17:1-22:12
uses-sdk defined in both files...
Merging uses-sdk with lower [androidx.lifecycle:lifecycle-viewmodel-savedstate:2.8.7] AndroidManifest.xml:20:5-44
Merging library manifest /home/runner/.gradle/caches/9.3.1/transforms/2128328a52068c70498e65c7d6e0a22a/transformed/lifecycle-viewmodel-ktx-2.8.7/AndroidManifest.xml
Merging manifest with lower [androidx.lifecycle:lifecycle-viewmodel-ktx:2.8.7] AndroidManifest.xml:2:1-7:12
uses-sdk defined in both files...
Merging uses-sdk with lower [androidx.lifecycle:lifecycle-viewmodel-ktx:2.8.7] AndroidManifest.xml:5:5-44
Merging library manifest /home/runner/.gradle/caches/9.3.1/transforms/f9c13c617504888d3d489771abbfd276/transformed/lifecycle-viewmodel-compose-release/AndroidManifest.xml
Merging manifest with lower [androidx.lifecycle:lifecycle-viewmodel-compose-android:2.8.7] AndroidManifest.xml:2:1-7:12
uses-sdk defined in both files...
Merging uses-sdk with lower [androidx.lifecycle:lifecycle-viewmodel-compose-android:2.8.7] AndroidManifest.xml:5:5-44
Merging library manifest /home/runner/.gradle/caches/9.3.1/transforms/92285ee17bdfd8d0c52e2f19c0b920d3/transformed/lifecycle-runtime-compose-release/AndroidManifest.xml
Merging manifest with lower [androidx.lifecycle:lifecycle-runtime-compose-android:2.8.7] AndroidManifest.xml:2:1-7:12
uses-sdk defined in both files...
Merging uses-sdk with lower [androidx.lifecycle:lifecycle-runtime-compose-android:2.8.7] AndroidManifest.xml:5:5-44
Merging library manifest /home/runner/.gradle/caches/9.3.1/transforms/c5e9ef2855db2625950747b540a6e28d/transformed/lifecycle-runtime-ktx-release/AndroidManifest.xml
Merging manifest with lower [androidx.lifecycle:lifecycle-runtime-ktx-android:2.8.7] AndroidManifest.xml:2:1-7:12
uses-sdk defined in both files...
Merging uses-sdk with lower [androidx.lifecycle:lifecycle-runtime-ktx-android:2.8.7] AndroidManifest.xml:5:5-44
Merging library manifest /home/runner/.gradle/caches/9.3.1/transforms/56e9ef9d08abad0987b26529edae770d/transformed/runtime-saveable-release/AndroidManifest.xml
Merging manifest with lower [androidx.compose.runtime:runtime-saveable-android:1.7.2] AndroidManifest.xml:2:1-7:12
uses-sdk defined in both files...
Merging uses-sdk with lower [androidx.compose.runtime:runtime-saveable-android:1.7.2] AndroidManifest.xml:5:5-44
Merging library manifest /home/runner/.gradle/caches/9.3.1/transforms/cc366232fc24cb00d53cb24f5906e5c0/transformed/runtime-release/AndroidManifest.xml
Merging manifest with lower [androidx.compose.runtime:runtime-android:1.7.2] AndroidManifest.xml:2:1-7:12
uses-sdk defined in both files...
Merging uses-sdk with lower [androidx.compose.runtime:runtime-android:1.7.2] AndroidManifest.xml:5:5-44
Merging library manifest /home/runner/.gradle/caches/9.3.1/transforms/8521e1b7318da0e60697d5befb347025/transformed/datastore-core-release/AndroidManifest.xml
Merging manifest with lower [androidx.datastore:datastore-core-android:1.1.7] AndroidManifest.xml:2:1-7:12
uses-sdk defined in both files...
Merging uses-sdk with lower [androidx.datastore:datastore-core-android:1.1.7] AndroidManifest.xml:5:5-44
Merging library manifest /home/runner/.gradle/caches/9.3.1/transforms/84f1943b14b6d25def2a9b8df63a0129/transformed/datastore-preferences-core-release/AndroidManifest.xml
Merging manifest with lower [androidx.datastore:datastore-preferences-core-android:1.1.7] AndroidManifest.xml:2:1-7:12
uses-sdk defined in both files...
Merging uses-sdk with lower [androidx.datastore:datastore-preferences-core-android:1.1.7] AndroidManifest.xml:5:5-44
Merging library manifest /home/runner/.gradle/caches/9.3.1/transforms/7eff38b7c3061f004f63056df41981fc/transformed/datastore-release/AndroidManifest.xml
Merging manifest with lower [androidx.datastore:datastore-android:1.1.7] AndroidManifest.xml:17:1-22:12
uses-sdk defined in both files...
Merging uses-sdk with lower [androidx.datastore:datastore-android:1.1.7] AndroidManifest.xml:20:5-44
Merging library manifest /home/runner/.gradle/caches/9.3.1/transforms/35cebe207f88fb9a0d74eb14e8de255a/transformed/datastore-preferences-release/AndroidManifest.xml
Merging manifest with lower [androidx.datastore:datastore-preferences-android:1.1.7] AndroidManifest.xml:17:1-22:12
uses-sdk defined in both files...
Merging uses-sdk with lower [androidx.datastore:datastore-preferences-android:1.1.7] AndroidManifest.xml:20:5-44
Merging library manifest /home/runner/.gradle/caches/9.3.1/transforms/fb36537424179cc5867e4f3f1fad75f3/transformed/profileinstaller-1.4.0/AndroidManifest.xml
Merging manifest with lower [androidx.profileinstaller:profileinstaller:1.4.0] AndroidManifest.xml:17:1-55:12
uses-sdk defined in both files...
Merging uses-sdk with lower [androidx.profileinstaller:profileinstaller:1.4.0] AndroidManifest.xml:21:5-44
application defined in both files...
Merging application with lower [androidx.profileinstaller:profileinstaller:1.4.0] AndroidManifest.xml:23:5-53:19
provider#androidx.startup.InitializationProvider defined in both files...
Merging provider#androidx.startup.InitializationProvider with lower [androidx.profileinstaller:profileinstaller:1.4.0] AndroidManifest.xml:24:9-32:20
Adopted [meta-data: null]
Adopted [receiver: null]
Merging library manifest /home/runner/.gradle/caches/9.3.1/transforms/162727f0642f19b261d9b75a723ab7bf/transformed/play-services-tasks-18.4.0/AndroidManifest.xml
Merging manifest with lower [com.google.android.gms:play-services-tasks:18.4.0] AndroidManifest.xml:2:1-6:12
uses-sdk defined in both files...
Merging uses-sdk with lower [com.google.android.gms:play-services-tasks:18.4.0] AndroidManifest.xml:4:5-43
application defined in both files...
Merging application with lower [com.google.android.gms:play-services-tasks:18.4.0] AndroidManifest.xml:5:5-20
Merging library manifest /home/runner/.gradle/caches/9.3.1/transforms/86045f1de7944d16e52f80ad71b63914/transformed/play-services-basement-18.9.0/AndroidManifest.xml
Merging manifest with lower [com.google.android.gms:play-services-basement:18.9.0] AndroidManifest.xml:16:1-26:12
uses-sdk defined in both files...
Merging uses-sdk with lower [com.google.android.gms:play-services-basement:18.9.0] AndroidManifest.xml:18:5-43
application defined in both files...
Merging application with lower [com.google.android.gms:play-services-basement:18.9.0] AndroidManifest.xml:20:5-24:19
Adopted [meta-data: null]
Merging library manifest /home/runner/.gradle/caches/9.3.1/transforms/9dcb0a34e8b6216a7ce7032cab37c161/transformed/fragment-1.3.6/AndroidManifest.xml
Merging manifest with lower [androidx.fragment:fragment:1.3.6] AndroidManifest.xml:17:1-24:12
uses-sdk defined in both files...
Merging uses-sdk with lower [androidx.fragment:fragment:1.3.6] AndroidManifest.xml:20:5-22:41
Merging library manifest /home/runner/.gradle/caches/9.3.1/transforms/cf9f61fafa746216ded76d009ae30f1f/transformed/activity-1.10.1/AndroidManifest.xml
Merging manifest with lower [androidx.activity:activity:1.10.1] AndroidManifest.xml:17:1-22:12
uses-sdk defined in both files...
Merging uses-sdk with lower [androidx.activity:activity:1.10.1] AndroidManifest.xml:20:5-44
Merging library manifest /home/runner/.gradle/caches/9.3.1/transforms/0f7ba1c057308bf5587182ddd4f922d8/transformed/activity-ktx-1.10.1/AndroidManifest.xml
Merging manifest with lower [androidx.activity:activity-ktx:1.10.1] AndroidManifest.xml:2:1-7:12
uses-sdk defined in both files...
Merging uses-sdk with lower [androidx.activity:activity-ktx:1.10.1] AndroidManifest.xml:5:5-44
Merging library manifest /home/runner/.gradle/caches/9.3.1/transforms/639f57ea3a5f5afa984dc59c8e1356f6/transformed/activity-compose-1.10.1/AndroidManifest.xml
Merging manifest with lower [androidx.activity:activity-compose:1.10.1] AndroidManifest.xml:2:1-7:12
uses-sdk defined in both files...
Merging uses-sdk with lower [androidx.activity:activity-compose:1.10.1] AndroidManifest.xml:5:5-44
Merging library manifest /home/runner/.gradle/caches/9.3.1/transforms/f4f3d967e198607f614fdb6c3ab5ab19/transformed/subsampling-scale-image-view-66e0db195d/AndroidManifest.xml
Merging manifest with lower [com.github.tachiyomiorg:subsampling-scale-image-view:66e0db195d] AndroidManifest.xml:2:1-7:12
uses-sdk defined in both files...
Merging uses-sdk with lower [com.github.tachiyomiorg:subsampling-scale-image-view:66e0db195d] AndroidManifest.xml:5:5-44
Merging library manifest /home/runner/.gradle/caches/9.3.1/transforms/0e9acfa9fbd26d2e22fd651e6512c8d9/transformed/okhttp/AndroidManifest.xml
Merging manifest with lower [com.squareup.okhttp3:okhttp-android:5.4.0] AndroidManifest.xml:2:1-22:12
uses-sdk defined in both files...
Merging uses-sdk with lower [com.squareup.okhttp3:okhttp-android:5.4.0] AndroidManifest.xml:6:5-44
uses-permission#android.permission.INTERNET defined in both files...
Merging uses-permission#android.permission.INTERNET with lower [com.squareup.okhttp3:okhttp-android:5.4.0] AndroidManifest.xml:8:5-67
application defined in both files...
Merging application with lower [com.squareup.okhttp3:okhttp-android:5.4.0] AndroidManifest.xml:10:5-20:19
provider#androidx.startup.InitializationProvider defined in both files...
Merging provider#androidx.startup.InitializationProvider with lower [com.squareup.okhttp3:okhttp-android:5.4.0] AndroidManifest.xml:11:9-19:20
Adopted [meta-data: null]
Merging library manifest /home/runner/.gradle/caches/9.3.1/transforms/0113d22436bd3edcb76e7cce9c9f6fb2/transformed/zstd-kmp-okio-release/AndroidManifest.xml
Merging manifest with lower [com.squareup.zstd:zstd-kmp-okio-android:0.4.0] AndroidManifest.xml:2:1-7:12
uses-sdk defined in both files...
Merging uses-sdk with lower [com.squareup.zstd:zstd-kmp-okio-android:0.4.0] AndroidManifest.xml:5:5-44
Merging library manifest /home/runner/.gradle/caches/9.3.1/transforms/409ff51e93b2f2ec4c3f256b7f0d3788/transformed/annotation-experimental-1.4.1/AndroidManifest.xml
Merging manifest with lower [androidx.annotation:annotation-experimental:1.4.1] AndroidManifest.xml:2:1-7:12
uses-sdk defined in both files...
Merging uses-sdk with lower [androidx.annotation:annotation-experimental:1.4.1] AndroidManifest.xml:5:5-44
Merging library manifest /home/runner/.gradle/caches/9.3.1/transforms/3ce1269aca483c345ba5acc4632669c4/transformed/core-viewtree-1.0.0/AndroidManifest.xml
Merging manifest with lower [androidx.core:core-viewtree:1.0.0] AndroidManifest.xml:2:1-7:12
uses-sdk defined in both files...
Merging uses-sdk with lower [androidx.core:core-viewtree:1.0.0] AndroidManifest.xml:5:5-44
Merging library manifest /home/runner/.gradle/caches/9.3.1/transforms/23c960d527e877ce69dcd84fbfc8475b/transformed/sqlite-framework-release/AndroidManifest.xml
Merging manifest with lower [androidx.sqlite:sqlite-framework-android:2.5.0] AndroidManifest.xml:17:1-22:12
uses-sdk defined in both files...
Merging uses-sdk with lower [androidx.sqlite:sqlite-framework-android:2.5.0] AndroidManifest.xml:20:5-44
Merging library manifest /home/runner/.gradle/caches/9.3.1/transforms/773c1c838f3e7b3ea728449a5dffa06a/transformed/sqlite-release/AndroidManifest.xml
Merging manifest with lower [androidx.sqlite:sqlite-android:2.5.0] AndroidManifest.xml:17:1-22:12
uses-sdk defined in both files...
Merging uses-sdk with lower [androidx.sqlite:sqlite-android:2.5.0] AndroidManifest.xml:20:5-44
Merging library manifest /home/runner/.gradle/caches/9.3.1/transforms/88cfbcd48f6506d8634b4f05a4438bc6/transformed/image-decoder-e08e9be535/AndroidManifest.xml
Merging manifest with lower [com.github.tachiyomiorg:image-decoder:e08e9be535] AndroidManifest.xml:2:1-9:12
uses-sdk defined in both files...
Merging uses-sdk with lower [com.github.tachiyomiorg:image-decoder:e08e9be535] AndroidManifest.xml:5:5-7:41
Merging library manifest /home/runner/.gradle/caches/9.3.1/transforms/46cee70d3a631d88c0f41f877731bb6e/transformed/DirectionalViewPager-1.0.0/AndroidManifest.xml
Merging manifest with lower [com.github.tachiyomiorg:DirectionalViewPager:1.0.0] AndroidManifest.xml:2:1-9:12
uses-sdk defined in both files...
Merging uses-sdk with lower [com.github.tachiyomiorg:DirectionalViewPager:1.0.0] AndroidManifest.xml:5:5-7:41
Merging library manifest /home/runner/.gradle/caches/9.3.1/transforms/392626b2116bbecfd77530db852970c4/transformed/firebase-components-19.0.0/AndroidManifest.xml
Merging manifest with lower [com.google.firebase:firebase-components:19.0.0] AndroidManifest.xml:15:1-20:12
uses-sdk defined in both files...
Merging uses-sdk with lower [com.google.firebase:firebase-components:19.0.0] AndroidManifest.xml:18:5-44
Merging library manifest /home/runner/.gradle/caches/9.3.1/transforms/0e4c29cd4eeeb578abc12e715cba1fc3/transformed/core-runtime-2.2.0/AndroidManifest.xml
Merging manifest with lower [androidx.arch.core:core-runtime:2.2.0] AndroidManifest.xml:17:1-22:12
uses-sdk defined in both files...
Merging uses-sdk with lower [androidx.arch.core:core-runtime:2.2.0] AndroidManifest.xml:20:5-44
Merging library manifest /home/runner/.gradle/caches/9.3.1/transforms/4113fc488cd691b4b590579b34ce94c0/transformed/interpolator-1.0.0/AndroidManifest.xml
Merging manifest with lower [androidx.interpolator:interpolator:1.0.0] AndroidManifest.xml:17:1-22:12
uses-sdk defined in both files...
Merging uses-sdk with lower [androidx.interpolator:interpolator:1.0.0] AndroidManifest.xml:20:5-44
Merging library manifest /home/runner/.gradle/caches/9.3.1/transforms/3c7276b2b8a0306569cca32085dcfa9f/transformed/startup-runtime-1.2.0/AndroidManifest.xml
Merging manifest with lower [androidx.startup:startup-runtime:1.2.0] AndroidManifest.xml:17:1-31:12
uses-sdk defined in both files...
Merging uses-sdk with lower [androidx.startup:startup-runtime:1.2.0] AndroidManifest.xml:21:5-44
application defined in both files...
Merging application with lower [androidx.startup:startup-runtime:1.2.0] AndroidManifest.xml:23:5-29:19
provider#androidx.startup.InitializationProvider defined in both files...
Merging provider#androidx.startup.InitializationProvider with lower [androidx.startup:startup-runtime:1.2.0] AndroidManifest.xml:24:9-28:34
Merging library manifest /home/runner/.gradle/caches/9.3.1/transforms/c1b4be3aeef8150e52ff81aef5a8303f/transformed/tracing-1.2.0/AndroidManifest.xml
Merging manifest with lower [androidx.tracing:tracing:1.2.0] AndroidManifest.xml:17:1-22:12
uses-sdk defined in both files...
Merging uses-sdk with lower [androidx.tracing:tracing:1.2.0] AndroidManifest.xml:20:5-44
Merging library manifest /home/runner/.gradle/caches/9.3.1/transforms/18da7dc8dfb2ba22be73f9d1220db374/transformed/versionedparcelable-1.1.1/AndroidManifest.xml
Merging manifest with lower [androidx.versionedparcelable:versionedparcelable:1.1.1] AndroidManifest.xml:17:1-27:12
uses-sdk defined in both files...
Merging uses-sdk with lower [androidx.versionedparcelable:versionedparcelable:1.1.1] AndroidManifest.xml:20:5-22:41
application defined in both files...
Merging application with lower [androidx.versionedparcelable:versionedparcelable:1.1.1] AndroidManifest.xml:24:5-25:19
Merging library manifest /home/runner/.gradle/caches/9.3.1/transforms/ee3a9e0c850b63bc16575512a12ad177/transformed/security-crypto-1.1.0-alpha03/AndroidManifest.xml
Merging manifest with lower [androidx.security:security-crypto:1.1.0-alpha03] AndroidManifest.xml:17:1-24:12
uses-sdk defined in both files...
Merging uses-sdk with lower [androidx.security:security-crypto:1.1.0-alpha03] AndroidManifest.xml:20:5-22:41
Merging library manifest /home/runner/.gradle/caches/9.3.1/transforms/6b79815e1f50a26a6e396d9945272c37/transformed/exifinterface-1.3.7/AndroidManifest.xml
Merging manifest with lower [androidx.exifinterface:exifinterface:1.3.7] AndroidManifest.xml:17:1-24:12
uses-sdk defined in both files...
Merging uses-sdk with lower [androidx.exifinterface:exifinterface:1.3.7] AndroidManifest.xml:20:5-22:41
Merging library manifest /home/runner/.gradle/caches/9.3.1/transforms/4755b8cd1fe2f619fc853cd7a9a20bf0/transformed/cursoradapter-1.0.0/AndroidManifest.xml
Merging manifest with lower [androidx.cursoradapter:cursoradapter:1.0.0] AndroidManifest.xml:17:1-22:12
uses-sdk defined in both files...
Merging uses-sdk with lower [androidx.cursoradapter:cursoradapter:1.0.0] AndroidManifest.xml:20:5-44
Merging library manifest /home/runner/.gradle/caches/9.3.1/transforms/555ea2bf3bf08d6badf9ac0e5accd32e/transformed/zstd-kmp-release/AndroidManifest.xml
Merging manifest with lower [com.squareup.zstd:zstd-kmp-android:0.4.0] AndroidManifest.xml:2:1-7:12
uses-sdk defined in both files...
Merging uses-sdk with lower [com.squareup.zstd:zstd-kmp-android:0.4.0] AndroidManifest.xml:5:5-44
Merging library manifest /home/runner/.gradle/caches/9.3.1/transforms/329d819244387a8f918bcd62b93f27d6/transformed/rxandroid-1.2.1/AndroidManifest.xml
Merging manifest with lower [io.reactivex:rxandroid:1.2.1] AndroidManifest.xml:15:1-21:12
uses-sdk defined in both files...
Merging uses-sdk with lower [io.reactivex:rxandroid:1.2.1] AndroidManifest.xml:19:5-43
Merging library manifest /home/runner/.gradle/caches/9.3.1/transforms/00487f9b35f2d4e32110c704bc29836a/transformed/core-common-2.0.4/AndroidManifest.xml
Merging manifest with lower [com.google.android.play:core-common:2.0.4] AndroidManifest.xml:2:1-21:12
uses-sdk defined in both files...
Merging uses-sdk with lower [com.google.android.play:core-common:2.0.4] AndroidManifest.xml:7:5-9:41
application defined in both files...
Merging application with lower [com.google.android.play:core-common:2.0.4] AndroidManifest.xml:11:5-19:19
Adopted [activity: null]
Merging result: SUCCESS
1<?xml version="1.0" encoding="utf-8"?>
2<manifest xmlns:android="http://schemas.android.com/apk/res/android"
3    package="com.nekoread.manga"
4    android:versionCode="224"
5    android:versionName="2.2.4" >
6
7    <uses-sdk
7-->INJECTED
8        android:minSdkVersion="24"
8-->INJECTED
9        android:targetSdkVersion="36" />
9-->INJECTED
10
11    <uses-permission android:name="android.permission.INTERNET" />
11-->/home/runner/work/Nekoread/Nekoread/app/src/main/AndroidManifest.xml:5:5-67
11-->/home/runner/work/Nekoread/Nekoread/app/src/main/AndroidManifest.xml:5:22-64
12    <!--
13         In-app updater: post "update available" notifications, download in the background and
14         hand the APK to Android's install flow.
15    -->
16    <uses-permission android:name="android.permission.POST_NOTIFICATIONS" />
16-->/home/runner/work/Nekoread/Nekoread/app/src/main/AndroidManifest.xml:8:5-77
16-->/home/runner/work/Nekoread/Nekoread/app/src/main/AndroidManifest.xml:8:22-74
17    <uses-permission android:name="android.permission.REQUEST_INSTALL_PACKAGES" />
17-->/home/runner/work/Nekoread/Nekoread/app/src/main/AndroidManifest.xml:9:5-83
17-->/home/runner/work/Nekoread/Nekoread/app/src/main/AndroidManifest.xml:9:22-80
18    <uses-permission android:name="android.permission.FOREGROUND_SERVICE" />
18-->/home/runner/work/Nekoread/Nekoread/app/src/main/AndroidManifest.xml:10:5-77
18-->/home/runner/work/Nekoread/Nekoread/app/src/main/AndroidManifest.xml:10:22-74
19    <uses-permission android:name="android.permission.FOREGROUND_SERVICE_DATA_SYNC" />
19-->/home/runner/work/Nekoread/Nekoread/app/src/main/AndroidManifest.xml:11:5-87
19-->/home/runner/work/Nekoread/Nekoread/app/src/main/AndroidManifest.xml:11:22-84
20    <uses-permission android:name="android.permission.ACCESS_NETWORK_STATE" />
20-->[com.google.android.recaptcha:recaptcha:18.7.1] /home/runner/.gradle/caches/9.3.1/transforms/af46903c341cb42785acbb10031d9843/transformed/recaptcha-18.7.1/AndroidManifest.xml:8:5-79
20-->[com.google.android.recaptcha:recaptcha:18.7.1] /home/runner/.gradle/caches/9.3.1/transforms/af46903c341cb42785acbb10031d9843/transformed/recaptcha-18.7.1/AndroidManifest.xml:8:22-76
21    <uses-permission android:name="com.google.android.providers.gsf.permission.READ_GSERVICES" />
21-->[com.google.android.recaptcha:recaptcha:18.7.1] /home/runner/.gradle/caches/9.3.1/transforms/af46903c341cb42785acbb10031d9843/transformed/recaptcha-18.7.1/AndroidManifest.xml:9:5-98
21-->[com.google.android.recaptcha:recaptcha:18.7.1] /home/runner/.gradle/caches/9.3.1/transforms/af46903c341cb42785acbb10031d9843/transformed/recaptcha-18.7.1/AndroidManifest.xml:9:22-95
22
23    <permission
23-->[androidx.core:core:1.18.0] /home/runner/.gradle/caches/9.3.1/transforms/bf724d8c480b5f4046ae17480dbebd21/transformed/core-1.18.0/AndroidManifest.xml:22:5-24:47
24        android:name="com.nekoread.manga.DYNAMIC_RECEIVER_NOT_EXPORTED_PERMISSION"
24-->[androidx.core:core:1.18.0] /home/runner/.gradle/caches/9.3.1/transforms/bf724d8c480b5f4046ae17480dbebd21/transformed/core-1.18.0/AndroidManifest.xml:23:9-81
25        android:protectionLevel="signature" />
25-->[androidx.core:core:1.18.0] /home/runner/.gradle/caches/9.3.1/transforms/bf724d8c480b5f4046ae17480dbebd21/transformed/core-1.18.0/AndroidManifest.xml:24:9-44
26
27    <uses-permission android:name="com.nekoread.manga.DYNAMIC_RECEIVER_NOT_EXPORTED_PERMISSION" />
27-->[androidx.core:core:1.18.0] /home/runner/.gradle/caches/9.3.1/transforms/bf724d8c480b5f4046ae17480dbebd21/transformed/core-1.18.0/AndroidManifest.xml:26:5-97
27-->[androidx.core:core:1.18.0] /home/runner/.gradle/caches/9.3.1/transforms/bf724d8c480b5f4046ae17480dbebd21/transformed/core-1.18.0/AndroidManifest.xml:26:22-94
28
29    <application
29-->/home/runner/work/Nekoread/Nekoread/app/src/main/AndroidManifest.xml:13:5-49:19
30        android:allowBackup="true"
30-->/home/runner/work/Nekoread/Nekoread/app/src/main/AndroidManifest.xml:14:9-35
31        android:appComponentFactory="androidx.core.app.CoreComponentFactory"
31-->[androidx.core:core:1.18.0] /home/runner/.gradle/caches/9.3.1/transforms/bf724d8c480b5f4046ae17480dbebd21/transformed/core-1.18.0/AndroidManifest.xml:28:18-86
32        android:dataExtractionRules="@xml/data_extraction_rules"
32-->/home/runner/work/Nekoread/Nekoread/app/src/main/AndroidManifest.xml:15:9-65
33        android:debuggable="true"
34        android:extractNativeLibs="false"
34-->INJECTED
35        android:fullBackupContent="@xml/backup_rules"
35-->/home/runner/work/Nekoread/Nekoread/app/src/main/AndroidManifest.xml:16:9-54
36        android:icon="@mipmap/ic_launcher"
36-->/home/runner/work/Nekoread/Nekoread/app/src/main/AndroidManifest.xml:17:9-43
37        android:label="@string/app_name"
37-->/home/runner/work/Nekoread/Nekoread/app/src/main/AndroidManifest.xml:18:9-41
38        android:roundIcon="@mipmap/ic_launcher_round"
38-->/home/runner/work/Nekoread/Nekoread/app/src/main/AndroidManifest.xml:19:9-54
39        android:supportsRtl="true"
39-->/home/runner/work/Nekoread/Nekoread/app/src/main/AndroidManifest.xml:20:9-35
40        android:theme="@style/Theme.MyApplication" >
40-->/home/runner/work/Nekoread/Nekoread/app/src/main/AndroidManifest.xml:21:9-51
41        <activity
41-->/home/runner/work/Nekoread/Nekoread/app/src/main/AndroidManifest.xml:22:9-32:20
42            android:name="com.example.MainActivity"
42-->/home/runner/work/Nekoread/Nekoread/app/src/main/AndroidManifest.xml:23:13-41
43            android:exported="true"
43-->/home/runner/work/Nekoread/Nekoread/app/src/main/AndroidManifest.xml:24:13-36
44            android:label="@string/app_name"
44-->/home/runner/work/Nekoread/Nekoread/app/src/main/AndroidManifest.xml:25:13-45
45            android:theme="@style/Theme.MyApplication" >
45-->/home/runner/work/Nekoread/Nekoread/app/src/main/AndroidManifest.xml:26:13-55
46            <intent-filter>
46-->/home/runner/work/Nekoread/Nekoread/app/src/main/AndroidManifest.xml:27:13-31:29
47                <action android:name="android.intent.action.MAIN" />
47-->/home/runner/work/Nekoread/Nekoread/app/src/main/AndroidManifest.xml:28:17-69
47-->/home/runner/work/Nekoread/Nekoread/app/src/main/AndroidManifest.xml:28:25-66
48
49                <category android:name="android.intent.category.LAUNCHER" />
49-->/home/runner/work/Nekoread/Nekoread/app/src/main/AndroidManifest.xml:30:17-77
49-->/home/runner/work/Nekoread/Nekoread/app/src/main/AndroidManifest.xml:30:27-74
50            </intent-filter>
51        </activity>
52
53        <!-- Lets the update downloader hand the downloaded APK to Android's installer. -->
54        <provider
54-->INJECTED
55            android:name="androidx.core.content.FileProvider"
55-->/home/runner/work/Nekoread/Nekoread/app/src/main/AndroidManifest.xml:36:13-62
56            android:authorities="com.nekoread.manga.fileprovider"
56-->INJECTED
57            android:exported="false"
57-->/home/runner/work/Nekoread/Nekoread/app/src/main/AndroidManifest.xml:38:13-37
58            android:grantUriPermissions="true" >
58-->/home/runner/work/Nekoread/Nekoread/app/src/main/AndroidManifest.xml:39:13-47
59            <meta-data
59-->/home/runner/work/Nekoread/Nekoread/app/src/main/AndroidManifest.xml:40:13-42:54
60                android:name="android.support.FILE_PROVIDER_PATHS"
60-->/home/runner/work/Nekoread/Nekoread/app/src/main/AndroidManifest.xml:41:17-67
61                android:resource="@xml/file_paths" />
61-->/home/runner/work/Nekoread/Nekoread/app/src/main/AndroidManifest.xml:42:17-51
62        </provider>
63
64        <service
64-->/home/runner/work/Nekoread/Nekoread/app/src/main/AndroidManifest.xml:45:9-48:56
65            android:name="com.example.updater.UpdateDownloadService"
65-->/home/runner/work/Nekoread/Nekoread/app/src/main/AndroidManifest.xml:46:13-58
66            android:exported="false"
66-->/home/runner/work/Nekoread/Nekoread/app/src/main/AndroidManifest.xml:47:13-37
67            android:foregroundServiceType="dataSync" />
67-->/home/runner/work/Nekoread/Nekoread/app/src/main/AndroidManifest.xml:48:13-53
68        <service
68-->[com.google.firebase:firebase-appcheck-recaptcha:19.0.0] /home/runner/.gradle/caches/9.3.1/transforms/86cd624e59af9811aff76814984e65f2/transformed/firebase-appcheck-recaptcha-19.0.0/AndroidManifest.xml:21:9-27:19
69            android:name="com.google.firebase.components.ComponentDiscoveryService"
69-->[com.google.firebase:firebase-appcheck-recaptcha:19.0.0] /home/runner/.gradle/caches/9.3.1/transforms/86cd624e59af9811aff76814984e65f2/transformed/firebase-appcheck-recaptcha-19.0.0/AndroidManifest.xml:22:13-84
70            android:directBootAware="true"
70-->[com.google.firebase:firebase-common:22.1.0] /home/runner/.gradle/caches/9.3.1/transforms/bdf183c7af7ac5a9bb91827683fc16f9/transformed/firebase-common-22.1.0/AndroidManifest.xml:32:13-43
71            android:exported="false" >
71-->[com.google.firebase:firebase-appcheck-recaptcha:19.0.0] /home/runner/.gradle/caches/9.3.1/transforms/86cd624e59af9811aff76814984e65f2/transformed/firebase-appcheck-recaptcha-19.0.0/AndroidManifest.xml:23:13-37
72            <meta-data
72-->[com.google.firebase:firebase-appcheck-recaptcha:19.0.0] /home/runner/.gradle/caches/9.3.1/transforms/86cd624e59af9811aff76814984e65f2/transformed/firebase-appcheck-recaptcha-19.0.0/AndroidManifest.xml:24:13-26:85
73                android:name="com.google.firebase.components:com.google.firebase.appcheck.recaptcha.FirebaseAppCheckRecaptchaRegistrar"
73-->[com.google.firebase:firebase-appcheck-recaptcha:19.0.0] /home/runner/.gradle/caches/9.3.1/transforms/86cd624e59af9811aff76814984e65f2/transformed/firebase-appcheck-recaptcha-19.0.0/AndroidManifest.xml:25:17-136
74                android:value="com.google.firebase.components.ComponentRegistrar" />
74-->[com.google.firebase:firebase-appcheck-recaptcha:19.0.0] /home/runner/.gradle/caches/9.3.1/transforms/86cd624e59af9811aff76814984e65f2/transformed/firebase-appcheck-recaptcha-19.0.0/AndroidManifest.xml:26:17-82
75            <meta-data
75-->[com.google.firebase:firebase-ai:17.13.0] /home/runner/.gradle/caches/9.3.1/transforms/d4face482c112baba9c998891468cdb8/transformed/firebase-ai-17.13.0/AndroidManifest.xml:31:13-33:85
76                android:name="com.google.firebase.components:com.google.firebase.ai.FirebaseAIRegistrar"
76-->[com.google.firebase:firebase-ai:17.13.0] /home/runner/.gradle/caches/9.3.1/transforms/d4face482c112baba9c998891468cdb8/transformed/firebase-ai-17.13.0/AndroidManifest.xml:32:17-105
77                android:value="com.google.firebase.components.ComponentRegistrar" />
77-->[com.google.firebase:firebase-ai:17.13.0] /home/runner/.gradle/caches/9.3.1/transforms/d4face482c112baba9c998891468cdb8/transformed/firebase-ai-17.13.0/AndroidManifest.xml:33:17-82
78            <meta-data
78-->[com.google.firebase:firebase-appcheck:19.2.0] /home/runner/.gradle/caches/9.3.1/transforms/9f0bf859c1c361a2ec801b9371630c20/transformed/firebase-appcheck-19.2.0/AndroidManifest.xml:25:13-27:85
79                android:name="com.google.firebase.components:com.google.firebase.appcheck.FirebaseAppCheckKtxRegistrar"
79-->[com.google.firebase:firebase-appcheck:19.2.0] /home/runner/.gradle/caches/9.3.1/transforms/9f0bf859c1c361a2ec801b9371630c20/transformed/firebase-appcheck-19.2.0/AndroidManifest.xml:26:17-120
80                android:value="com.google.firebase.components.ComponentRegistrar" />
80-->[com.google.firebase:firebase-appcheck:19.2.0] /home/runner/.gradle/caches/9.3.1/transforms/9f0bf859c1c361a2ec801b9371630c20/transformed/firebase-appcheck-19.2.0/AndroidManifest.xml:27:17-82
81            <meta-data
81-->[com.google.firebase:firebase-appcheck:19.2.0] /home/runner/.gradle/caches/9.3.1/transforms/9f0bf859c1c361a2ec801b9371630c20/transformed/firebase-appcheck-19.2.0/AndroidManifest.xml:28:13-30:85
82                android:name="com.google.firebase.components:com.google.firebase.appcheck.FirebaseAppCheckRegistrar"
82-->[com.google.firebase:firebase-appcheck:19.2.0] /home/runner/.gradle/caches/9.3.1/transforms/9f0bf859c1c361a2ec801b9371630c20/transformed/firebase-appcheck-19.2.0/AndroidManifest.xml:29:17-117
83                android:value="com.google.firebase.components.ComponentRegistrar" />
83-->[com.google.firebase:firebase-appcheck:19.2.0] /home/runner/.gradle/caches/9.3.1/transforms/9f0bf859c1c361a2ec801b9371630c20/transformed/firebase-appcheck-19.2.0/AndroidManifest.xml:30:17-82
84            <meta-data
84-->[com.google.firebase:firebase-common:22.1.0] /home/runner/.gradle/caches/9.3.1/transforms/bdf183c7af7ac5a9bb91827683fc16f9/transformed/firebase-common-22.1.0/AndroidManifest.xml:35:13-37:85
85                android:name="com.google.firebase.components:com.google.firebase.FirebaseCommonKtxRegistrar"
85-->[com.google.firebase:firebase-common:22.1.0] /home/runner/.gradle/caches/9.3.1/transforms/bdf183c7af7ac5a9bb91827683fc16f9/transformed/firebase-common-22.1.0/AndroidManifest.xml:36:17-109
86                android:value="com.google.firebase.components.ComponentRegistrar" />
86-->[com.google.firebase:firebase-common:22.1.0] /home/runner/.gradle/caches/9.3.1/transforms/bdf183c7af7ac5a9bb91827683fc16f9/transformed/firebase-common-22.1.0/AndroidManifest.xml:37:17-82
87        </service>
88
89        <activity
89-->[com.google.android.gms:play-services-base:18.9.0] /home/runner/.gradle/caches/9.3.1/transforms/16a40a5e428abd0e6bff2fd68443a43e/transformed/play-services-base-18.9.0/AndroidManifest.xml:20:9-22:45
90            android:name="com.google.android.gms.common.api.GoogleApiActivity"
90-->[com.google.android.gms:play-services-base:18.9.0] /home/runner/.gradle/caches/9.3.1/transforms/16a40a5e428abd0e6bff2fd68443a43e/transformed/play-services-base-18.9.0/AndroidManifest.xml:20:19-85
91            android:exported="false"
91-->[com.google.android.gms:play-services-base:18.9.0] /home/runner/.gradle/caches/9.3.1/transforms/16a40a5e428abd0e6bff2fd68443a43e/transformed/play-services-base-18.9.0/AndroidManifest.xml:22:19-43
92            android:theme="@android:style/Theme.Translucent.NoTitleBar" />
92-->[com.google.android.gms:play-services-base:18.9.0] /home/runner/.gradle/caches/9.3.1/transforms/16a40a5e428abd0e6bff2fd68443a43e/transformed/play-services-base-18.9.0/AndroidManifest.xml:21:19-78
93
94        <provider
94-->[com.google.firebase:firebase-common:22.1.0] /home/runner/.gradle/caches/9.3.1/transforms/bdf183c7af7ac5a9bb91827683fc16f9/transformed/firebase-common-22.1.0/AndroidManifest.xml:23:9-28:39
95            android:name="com.google.firebase.provider.FirebaseInitProvider"
95-->[com.google.firebase:firebase-common:22.1.0] /home/runner/.gradle/caches/9.3.1/transforms/bdf183c7af7ac5a9bb91827683fc16f9/transformed/firebase-common-22.1.0/AndroidManifest.xml:24:13-77
96            android:authorities="com.nekoread.manga.firebaseinitprovider"
96-->[com.google.firebase:firebase-common:22.1.0] /home/runner/.gradle/caches/9.3.1/transforms/bdf183c7af7ac5a9bb91827683fc16f9/transformed/firebase-common-22.1.0/AndroidManifest.xml:25:13-72
97            android:directBootAware="true"
97-->[com.google.firebase:firebase-common:22.1.0] /home/runner/.gradle/caches/9.3.1/transforms/bdf183c7af7ac5a9bb91827683fc16f9/transformed/firebase-common-22.1.0/AndroidManifest.xml:26:13-43
98            android:exported="false"
98-->[com.google.firebase:firebase-common:22.1.0] /home/runner/.gradle/caches/9.3.1/transforms/bdf183c7af7ac5a9bb91827683fc16f9/transformed/firebase-common-22.1.0/AndroidManifest.xml:27:13-37
99            android:initOrder="100" />
99-->[com.google.firebase:firebase-common:22.1.0] /home/runner/.gradle/caches/9.3.1/transforms/bdf183c7af7ac5a9bb91827683fc16f9/transformed/firebase-common-22.1.0/AndroidManifest.xml:28:13-36
100
101        <service
101-->[androidx.room:room-runtime-android:2.7.0] /home/runner/.gradle/caches/9.3.1/transforms/f4e407510e2ebc33b7348726912a844e/transformed/room-runtime-release/AndroidManifest.xml:24:9-28:63
102            android:name="androidx.room.MultiInstanceInvalidationService"
102-->[androidx.room:room-runtime-android:2.7.0] /home/runner/.gradle/caches/9.3.1/transforms/f4e407510e2ebc33b7348726912a844e/transformed/room-runtime-release/AndroidManifest.xml:25:13-74
103            android:directBootAware="true"
103-->[androidx.room:room-runtime-android:2.7.0] /home/runner/.gradle/caches/9.3.1/transforms/f4e407510e2ebc33b7348726912a844e/transformed/room-runtime-release/AndroidManifest.xml:26:13-43
104            android:exported="false" />
104-->[androidx.room:room-runtime-android:2.7.0] /home/runner/.gradle/caches/9.3.1/transforms/f4e407510e2ebc33b7348726912a844e/transformed/room-runtime-release/AndroidManifest.xml:27:13-37
105
106        <activity
106-->[androidx.compose.ui:ui-test-manifest:1.7.2] /home/runner/.gradle/caches/9.3.1/transforms/8d8df9bc8ce65ad7e7b9ea408df0ba71/transformed/ui-test-manifest-1.7.2/AndroidManifest.xml:23:9-25:39
107            android:name="androidx.activity.ComponentActivity"
107-->[androidx.compose.ui:ui-test-manifest:1.7.2] /home/runner/.gradle/caches/9.3.1/transforms/8d8df9bc8ce65ad7e7b9ea408df0ba71/transformed/ui-test-manifest-1.7.2/AndroidManifest.xml:24:13-63
108            android:exported="true" />
108-->[androidx.compose.ui:ui-test-manifest:1.7.2] /home/runner/.gradle/caches/9.3.1/transforms/8d8df9bc8ce65ad7e7b9ea408df0ba71/transformed/ui-test-manifest-1.7.2/AndroidManifest.xml:25:13-36
109        <activity
109-->[androidx.compose.ui:ui-tooling-android:1.7.2] /home/runner/.gradle/caches/9.3.1/transforms/0490da1dc90c7485e539760eebf656c7/transformed/ui-tooling-release/AndroidManifest.xml:23:9-25:39
110            android:name="androidx.compose.ui.tooling.PreviewActivity"
110-->[androidx.compose.ui:ui-tooling-android:1.7.2] /home/runner/.gradle/caches/9.3.1/transforms/0490da1dc90c7485e539760eebf656c7/transformed/ui-tooling-release/AndroidManifest.xml:24:13-71
111            android:exported="true" />
111-->[androidx.compose.ui:ui-tooling-android:1.7.2] /home/runner/.gradle/caches/9.3.1/transforms/0490da1dc90c7485e539760eebf656c7/transformed/ui-tooling-release/AndroidManifest.xml:25:13-36
112
113        <uses-library
113-->[androidx.window:window:1.0.0] /home/runner/.gradle/caches/9.3.1/transforms/5361fe61be178d590ef47c3e552a4dc5/transformed/window-1.0.0/AndroidManifest.xml:25:9-27:40
114            android:name="androidx.window.extensions"
114-->[androidx.window:window:1.0.0] /home/runner/.gradle/caches/9.3.1/transforms/5361fe61be178d590ef47c3e552a4dc5/transformed/window-1.0.0/AndroidManifest.xml:26:13-54
115            android:required="false" />
115-->[androidx.window:window:1.0.0] /home/runner/.gradle/caches/9.3.1/transforms/5361fe61be178d590ef47c3e552a4dc5/transformed/window-1.0.0/AndroidManifest.xml:27:13-37
116        <uses-library
116-->[androidx.window:window:1.0.0] /home/runner/.gradle/caches/9.3.1/transforms/5361fe61be178d590ef47c3e552a4dc5/transformed/window-1.0.0/AndroidManifest.xml:28:9-30:40
117            android:name="androidx.window.sidecar"
117-->[androidx.window:window:1.0.0] /home/runner/.gradle/caches/9.3.1/transforms/5361fe61be178d590ef47c3e552a4dc5/transformed/window-1.0.0/AndroidManifest.xml:29:13-51
118            android:required="false" />
118-->[androidx.window:window:1.0.0] /home/runner/.gradle/caches/9.3.1/transforms/5361fe61be178d590ef47c3e552a4dc5/transformed/window-1.0.0/AndroidManifest.xml:30:13-37
119
120        <provider
120-->[androidx.emoji2:emoji2:1.3.0] /home/runner/.gradle/caches/9.3.1/transforms/aad95cef09ad52253f85bf5f5ee7ca3b/transformed/emoji2-1.3.0/AndroidManifest.xml:24:9-32:20
121            android:name="androidx.startup.InitializationProvider"
121-->[androidx.emoji2:emoji2:1.3.0] /home/runner/.gradle/caches/9.3.1/transforms/aad95cef09ad52253f85bf5f5ee7ca3b/transformed/emoji2-1.3.0/AndroidManifest.xml:25:13-67
122            android:authorities="com.nekoread.manga.androidx-startup"
122-->[androidx.emoji2:emoji2:1.3.0] /home/runner/.gradle/caches/9.3.1/transforms/aad95cef09ad52253f85bf5f5ee7ca3b/transformed/emoji2-1.3.0/AndroidManifest.xml:26:13-68
123            android:exported="false" >
123-->[androidx.emoji2:emoji2:1.3.0] /home/runner/.gradle/caches/9.3.1/transforms/aad95cef09ad52253f85bf5f5ee7ca3b/transformed/emoji2-1.3.0/AndroidManifest.xml:27:13-37
124            <meta-data
124-->[androidx.emoji2:emoji2:1.3.0] /home/runner/.gradle/caches/9.3.1/transforms/aad95cef09ad52253f85bf5f5ee7ca3b/transformed/emoji2-1.3.0/AndroidManifest.xml:29:13-31:52
125                android:name="androidx.emoji2.text.EmojiCompatInitializer"
125-->[androidx.emoji2:emoji2:1.3.0] /home/runner/.gradle/caches/9.3.1/transforms/aad95cef09ad52253f85bf5f5ee7ca3b/transformed/emoji2-1.3.0/AndroidManifest.xml:30:17-75
126                android:value="androidx.startup" />
126-->[androidx.emoji2:emoji2:1.3.0] /home/runner/.gradle/caches/9.3.1/transforms/aad95cef09ad52253f85bf5f5ee7ca3b/transformed/emoji2-1.3.0/AndroidManifest.xml:31:17-49
127            <meta-data
127-->[androidx.lifecycle:lifecycle-process:2.8.7] /home/runner/.gradle/caches/9.3.1/transforms/281261780ded941c133770f43f757958/transformed/lifecycle-process-2.8.7/AndroidManifest.xml:29:13-31:52
128                android:name="androidx.lifecycle.ProcessLifecycleInitializer"
128-->[androidx.lifecycle:lifecycle-process:2.8.7] /home/runner/.gradle/caches/9.3.1/transforms/281261780ded941c133770f43f757958/transformed/lifecycle-process-2.8.7/AndroidManifest.xml:30:17-78
129                android:value="androidx.startup" />
129-->[androidx.lifecycle:lifecycle-process:2.8.7] /home/runner/.gradle/caches/9.3.1/transforms/281261780ded941c133770f43f757958/transformed/lifecycle-process-2.8.7/AndroidManifest.xml:31:17-49
130            <meta-data
130-->[androidx.profileinstaller:profileinstaller:1.4.0] /home/runner/.gradle/caches/9.3.1/transforms/fb36537424179cc5867e4f3f1fad75f3/transformed/profileinstaller-1.4.0/AndroidManifest.xml:29:13-31:52
131                android:name="androidx.profileinstaller.ProfileInstallerInitializer"
131-->[androidx.profileinstaller:profileinstaller:1.4.0] /home/runner/.gradle/caches/9.3.1/transforms/fb36537424179cc5867e4f3f1fad75f3/transformed/profileinstaller-1.4.0/AndroidManifest.xml:30:17-85
132                android:value="androidx.startup" />
132-->[androidx.profileinstaller:profileinstaller:1.4.0] /home/runner/.gradle/caches/9.3.1/transforms/fb36537424179cc5867e4f3f1fad75f3/transformed/profileinstaller-1.4.0/AndroidManifest.xml:31:17-49
133            <meta-data
133-->[com.squareup.okhttp3:okhttp-android:5.4.0] /home/runner/.gradle/caches/9.3.1/transforms/0e9acfa9fbd26d2e22fd651e6512c8d9/transformed/okhttp/AndroidManifest.xml:16:13-18:52
134                android:name="okhttp3.internal.platform.PlatformInitializer"
134-->[com.squareup.okhttp3:okhttp-android:5.4.0] /home/runner/.gradle/caches/9.3.1/transforms/0e9acfa9fbd26d2e22fd651e6512c8d9/transformed/okhttp/AndroidManifest.xml:17:17-77
135                android:value="androidx.startup" />
135-->[com.squareup.okhttp3:okhttp-android:5.4.0] /home/runner/.gradle/caches/9.3.1/transforms/0e9acfa9fbd26d2e22fd651e6512c8d9/transformed/okhttp/AndroidManifest.xml:18:17-49
136        </provider>
137
138        <receiver
138-->[androidx.profileinstaller:profileinstaller:1.4.0] /home/runner/.gradle/caches/9.3.1/transforms/fb36537424179cc5867e4f3f1fad75f3/transformed/profileinstaller-1.4.0/AndroidManifest.xml:34:9-52:20
139            android:name="androidx.profileinstaller.ProfileInstallReceiver"
139-->[androidx.profileinstaller:profileinstaller:1.4.0] /home/runner/.gradle/caches/9.3.1/transforms/fb36537424179cc5867e4f3f1fad75f3/transformed/profileinstaller-1.4.0/AndroidManifest.xml:35:13-76
140            android:directBootAware="false"
140-->[androidx.profileinstaller:profileinstaller:1.4.0] /home/runner/.gradle/caches/9.3.1/transforms/fb36537424179cc5867e4f3f1fad75f3/transformed/profileinstaller-1.4.0/AndroidManifest.xml:36:13-44
141            android:enabled="true"
141-->[androidx.profileinstaller:profileinstaller:1.4.0] /home/runner/.gradle/caches/9.3.1/transforms/fb36537424179cc5867e4f3f1fad75f3/transformed/profileinstaller-1.4.0/AndroidManifest.xml:37:13-35
142            android:exported="true"
142-->[androidx.profileinstaller:profileinstaller:1.4.0] /home/runner/.gradle/caches/9.3.1/transforms/fb36537424179cc5867e4f3f1fad75f3/transformed/profileinstaller-1.4.0/AndroidManifest.xml:38:13-36
143            android:permission="android.permission.DUMP" >
143-->[androidx.profileinstaller:profileinstaller:1.4.0] /home/runner/.gradle/caches/9.3.1/transforms/fb36537424179cc5867e4f3f1fad75f3/transformed/profileinstaller-1.4.0/AndroidManifest.xml:39:13-57
144            <intent-filter>
144-->[androidx.profileinstaller:profileinstaller:1.4.0] /home/runner/.gradle/caches/9.3.1/transforms/fb36537424179cc5867e4f3f1fad75f3/transformed/profileinstaller-1.4.0/AndroidManifest.xml:40:13-42:29
145                <action android:name="androidx.profileinstaller.action.INSTALL_PROFILE" />
145-->[androidx.profileinstaller:profileinstaller:1.4.0] /home/runner/.gradle/caches/9.3.1/transforms/fb36537424179cc5867e4f3f1fad75f3/transformed/profileinstaller-1.4.0/AndroidManifest.xml:41:17-91
145-->[androidx.profileinstaller:profileinstaller:1.4.0] /home/runner/.gradle/caches/9.3.1/transforms/fb36537424179cc5867e4f3f1fad75f3/transformed/profileinstaller-1.4.0/AndroidManifest.xml:41:25-88
146            </intent-filter>
147            <intent-filter>
147-->[androidx.profileinstaller:profileinstaller:1.4.0] /home/runner/.gradle/caches/9.3.1/transforms/fb36537424179cc5867e4f3f1fad75f3/transformed/profileinstaller-1.4.0/AndroidManifest.xml:43:13-45:29
148                <action android:name="androidx.profileinstaller.action.SKIP_FILE" />
148-->[androidx.profileinstaller:profileinstaller:1.4.0] /home/runner/.gradle/caches/9.3.1/transforms/fb36537424179cc5867e4f3f1fad75f3/transformed/profileinstaller-1.4.0/AndroidManifest.xml:44:17-85
148-->[androidx.profileinstaller:profileinstaller:1.4.0] /home/runner/.gradle/caches/9.3.1/transforms/fb36537424179cc5867e4f3f1fad75f3/transformed/profileinstaller-1.4.0/AndroidManifest.xml:44:25-82
149            </intent-filter>
150            <intent-filter>
150-->[androidx.profileinstaller:profileinstaller:1.4.0] /home/runner/.gradle/caches/9.3.1/transforms/fb36537424179cc5867e4f3f1fad75f3/transformed/profileinstaller-1.4.0/AndroidManifest.xml:46:13-48:29
151                <action android:name="androidx.profileinstaller.action.SAVE_PROFILE" />
151-->[androidx.profileinstaller:profileinstaller:1.4.0] /home/runner/.gradle/caches/9.3.1/transforms/fb36537424179cc5867e4f3f1fad75f3/transformed/profileinstaller-1.4.0/AndroidManifest.xml:47:17-88
151-->[androidx.profileinstaller:profileinstaller:1.4.0] /home/runner/.gradle/caches/9.3.1/transforms/fb36537424179cc5867e4f3f1fad75f3/transformed/profileinstaller-1.4.0/AndroidManifest.xml:47:25-85
152            </intent-filter>
153            <intent-filter>
153-->[androidx.profileinstaller:profileinstaller:1.4.0] /home/runner/.gradle/caches/9.3.1/transforms/fb36537424179cc5867e4f3f1fad75f3/transformed/profileinstaller-1.4.0/AndroidManifest.xml:49:13-51:29
154                <action android:name="androidx.profileinstaller.action.BENCHMARK_OPERATION" />
154-->[androidx.profileinstaller:profileinstaller:1.4.0] /home/runner/.gradle/caches/9.3.1/transforms/fb36537424179cc5867e4f3f1fad75f3/transformed/profileinstaller-1.4.0/AndroidManifest.xml:50:17-95
154-->[androidx.profileinstaller:profileinstaller:1.4.0] /home/runner/.gradle/caches/9.3.1/transforms/fb36537424179cc5867e4f3f1fad75f3/transformed/profileinstaller-1.4.0/AndroidManifest.xml:50:25-92
155            </intent-filter>
156        </receiver>
157
158        <meta-data
158-->[com.google.android.gms:play-services-basement:18.9.0] /home/runner/.gradle/caches/9.3.1/transforms/86045f1de7944d16e52f80ad71b63914/transformed/play-services-basement-18.9.0/AndroidManifest.xml:21:9-23:69
159            android:name="com.google.android.gms.version"
159-->[com.google.android.gms:play-services-basement:18.9.0] /home/runner/.gradle/caches/9.3.1/transforms/86045f1de7944d16e52f80ad71b63914/transformed/play-services-basement-18.9.0/AndroidManifest.xml:22:13-58
160            android:value="@integer/google_play_services_version" /> <!-- The activities will be merged into the manifest of the hosting app. -->
160-->[com.google.android.gms:play-services-basement:18.9.0] /home/runner/.gradle/caches/9.3.1/transforms/86045f1de7944d16e52f80ad71b63914/transformed/play-services-basement-18.9.0/AndroidManifest.xml:23:13-66
161        <activity
161-->[com.google.android.play:core-common:2.0.4] /home/runner/.gradle/caches/9.3.1/transforms/00487f9b35f2d4e32110c704bc29836a/transformed/core-common-2.0.4/AndroidManifest.xml:14:9-18:65
162            android:name="com.google.android.play.core.common.PlayCoreDialogWrapperActivity"
162-->[com.google.android.play:core-common:2.0.4] /home/runner/.gradle/caches/9.3.1/transforms/00487f9b35f2d4e32110c704bc29836a/transformed/core-common-2.0.4/AndroidManifest.xml:15:13-93
163            android:exported="false"
163-->[com.google.android.play:core-common:2.0.4] /home/runner/.gradle/caches/9.3.1/transforms/00487f9b35f2d4e32110c704bc29836a/transformed/core-common-2.0.4/AndroidManifest.xml:16:13-37
164            android:stateNotNeeded="true"
164-->[com.google.android.play:core-common:2.0.4] /home/runner/.gradle/caches/9.3.1/transforms/00487f9b35f2d4e32110c704bc29836a/transformed/core-common-2.0.4/AndroidManifest.xml:17:13-42
165            android:theme="@style/Theme.PlayCore.Transparent" />
165-->[com.google.android.play:core-common:2.0.4] /home/runner/.gradle/caches/9.3.1/transforms/00487f9b35f2d4e32110c704bc29836a/transformed/core-common-2.0.4/AndroidManifest.xml:18:13-62
166    </application>
167
168</manifest>

Merged manifest saved to /home/runner/work/Nekoread/Nekoread/app/build/intermediates/merged_manifest/debug/processDebugMainManifest/AndroidManifest.xml
Stored cache entry for task ':app:processDebugMainManifest' with cache key 70e08a92dccf062855d216bfa7e92211
Resolve mutations for :app:processDebugManifest (Thread[Execution worker,5,main]) started.
:app:processDebugManifest (Thread[Execution worker,5,main]) started.

> Task :app:processDebugManifest
Build cache key for task ':app:processDebugManifest' is ac60e02b180810459f7583cff0dd58a1
Task ':app:processDebugManifest' is not up-to-date because:
  No history is available.
Stored cache entry for task ':app:processDebugManifest' with cache key ac60e02b180810459f7583cff0dd58a1
Resolve mutations for :app:processDebugManifestForPackage (Thread[Execution worker,5,main]) started.
:app:processDebugManifestForPackage (Thread[included builds,5,main]) started.
Resolve mutations for :app:mergeDebugJniLibFolders (Thread[Execution worker,5,main]) started.
:app:mergeDebugJniLibFolders (Thread[Execution worker,5,main]) started.

> Task :app:mergeDebugJniLibFolders
Caching disabled for task ':app:mergeDebugJniLibFolders' because:
  Simple merging task
Task ':app:mergeDebugJniLibFolders' is not up-to-date because:
  No history is available.
The input changes require a full rebuild for incremental task ':app:mergeDebugJniLibFolders'.
Resolve mutations for :app:mergeDebugNativeLibs (Thread[Execution worker,5,main]) started.
:app:mergeDebugNativeLibs (Thread[Execution worker,5,main]) started.

> Task :app:processDebugManifestForPackage
Custom actions are attached to task ':app:processDebugManifestForPackage'.
Build cache key for task ':app:processDebugManifestForPackage' is 7a65ebff7d12f13f01443a9ce8778511
Task ':app:processDebugManifestForPackage' is not up-to-date because:
  No history is available.
Stored cache entry for task ':app:processDebugManifestForPackage' with cache key 7a65ebff7d12f13f01443a9ce8778511
Resolve mutations for :app:processDebugResources (Thread[Execution worker Thread 2,5,main]) started.
:app:processDebugResources (Thread[Execution worker Thread 2,5,main]) started.

> Task :app:mergeDebugNativeLibs
Caching disabled for task ':app:mergeDebugNativeLibs' because:
  Caching has been disabled for the task
Task ':app:mergeDebugNativeLibs' is not up-to-date because:
  No history is available.
Resolve mutations for :app:stripDebugDebugSymbols (Thread[Execution worker,5,main]) started.
:app:stripDebugDebugSymbols (Thread[included builds,5,main]) started.
Resolve mutations for :app:validateSigningDebug (Thread[Execution worker,5,main]) started.
:app:validateSigningDebug (Thread[Execution worker,5,main]) started.

> Task :app:validateSigningDebug
Caching disabled for task ':app:validateSigningDebug' because:
  Caching has been disabled for the task
Task ':app:validateSigningDebug' is not up-to-date because:
  No history is available.
Resolve mutations for :app:writeDebugAppMetadata (Thread[Execution worker,5,main]) started.
:app:writeDebugAppMetadata (Thread[Execution worker,5,main]) started.

> Task :app:writeDebugAppMetadata
Caching disabled for task ':app:writeDebugAppMetadata' because:
  Caching has been disabled for the task
Task ':app:writeDebugAppMetadata' is not up-to-date because:
  No history is available.
Resolve mutations for :app:writeDebugSigningConfigVersions (Thread[Execution worker,5,main]) started.
:app:writeDebugSigningConfigVersions (Thread[Execution worker,5,main]) started.

> Task :app:writeDebugSigningConfigVersions
Caching disabled for task ':app:writeDebugSigningConfigVersions' because:
  Caching has been disabled for the task
Task ':app:writeDebugSigningConfigVersions' is not up-to-date because:
  No history is available.

> Task :app:stripDebugDebugSymbols
Caching disabled for task ':app:stripDebugDebugSymbols' because:
  Caching has been disabled for the task
Task ':app:stripDebugDebugSymbols' is not up-to-date because:
  No history is available.
The input changes require a full rebuild for incremental task ':app:stripDebugDebugSymbols'.
C/C++: android.ndkVersion from module build.gradle is [28.2.13676358]
C/C++: android.ndkPath from module build.gradle is not set
C/C++: ndk.dir in local.properties is not set
C/C++: Not considering ANDROID_NDK_HOME because support was removed after deprecation period.
C/C++: sdkFolder is /usr/local/lib/android/sdk
C/C++: android.ndkVersion from module build.gradle is [28.2.13676358]
C/C++: android.ndkPath from module build.gradle is not set
C/C++: ndk.dir in local.properties is not set
C/C++: Not considering ANDROID_NDK_HOME because support was removed after deprecation period.
C/C++: sdkFolder is /usr/local/lib/android/sdk
Starting process 'command '/usr/local/lib/android/sdk/ndk/28.2.13676358/toolchains/llvm/prebuilt/linux-x86_64/bin/llvm-strip''. Working directory: /home/runner/work/Nekoread/Nekoread/app Command: /usr/local/lib/android/sdk/ndk/28.2.13676358/toolchains/llvm/prebuilt/linux-x86_64/bin/llvm-strip --strip-unneeded -o /home/runner/work/Nekoread/Nekoread/app/build/intermediates/stripped_native_libs/debug/stripDebugDebugSymbols/out/lib/arm64-v8a/libdatastore_shared_counter.so /home/runner/work/Nekoread/Nekoread/app/build/intermediates/merged_native_libs/debug/mergeDebugNativeLibs/out/lib/arm64-v8a/libdatastore_shared_counter.so
Starting process 'command '/usr/local/lib/android/sdk/ndk/28.2.13676358/toolchains/llvm/prebuilt/linux-x86_64/bin/llvm-strip''. Working directory: /home/runner/work/Nekoread/Nekoread/app Command: /usr/local/lib/android/sdk/ndk/28.2.13676358/toolchains/llvm/prebuilt/linux-x86_64/bin/llvm-strip --strip-unneeded -o /home/runner/work/Nekoread/Nekoread/app/build/intermediates/stripped_native_libs/debug/stripDebugDebugSymbols/out/lib/arm64-v8a/libandroidx.graphics.path.so /home/runner/work/Nekoread/Nekoread/app/build/intermediates/merged_native_libs/debug/mergeDebugNativeLibs/out/lib/arm64-v8a/libandroidx.graphics.path.so
Successfully started process 'command '/usr/local/lib/android/sdk/ndk/28.2.13676358/toolchains/llvm/prebuilt/linux-x86_64/bin/llvm-strip''
Successfully started process 'command '/usr/local/lib/android/sdk/ndk/28.2.13676358/toolchains/llvm/prebuilt/linux-x86_64/bin/llvm-strip''
C/C++: android.ndkVersion from module build.gradle is [28.2.13676358]
C/C++: android.ndkPath from module build.gradle is not set
C/C++: ndk.dir in local.properties is not set
C/C++: Not considering ANDROID_NDK_HOME because support was removed after deprecation period.
C/C++: sdkFolder is /usr/local/lib/android/sdk
Starting process 'command '/usr/local/lib/android/sdk/ndk/28.2.13676358/toolchains/llvm/prebuilt/linux-x86_64/bin/llvm-strip''. Working directory: /home/runner/work/Nekoread/Nekoread/app Command: /usr/local/lib/android/sdk/ndk/28.2.13676358/toolchains/llvm/prebuilt/linux-x86_64/bin/llvm-strip --strip-unneeded -o /home/runner/work/Nekoread/Nekoread/app/build/intermediates/stripped_native_libs/debug/stripDebugDebugSymbols/out/lib/arm64-v8a/libzstd-kmp.so /home/runner/work/Nekoread/Nekoread/app/build/intermediates/merged_native_libs/debug/mergeDebugNativeLibs/out/lib/arm64-v8a/libzstd-kmp.so
C/C++: android.ndkVersion from module build.gradle is [28.2.13676358]
C/C++: android.ndkPath from module build.gradle is not set
C/C++: ndk.dir in local.properties is not set
C/C++: Not considering ANDROID_NDK_HOME because support was removed after deprecation period.
C/C++: sdkFolder is /usr/local/lib/android/sdk
Starting process 'command '/usr/local/lib/android/sdk/ndk/28.2.13676358/toolchains/llvm/prebuilt/linux-x86_64/bin/llvm-strip''. Working directory: /home/runner/work/Nekoread/Nekoread/app Command: /usr/local/lib/android/sdk/ndk/28.2.13676358/toolchains/llvm/prebuilt/linux-x86_64/bin/llvm-strip --strip-unneeded -o /home/runner/work/Nekoread/Nekoread/app/build/intermediates/stripped_native_libs/debug/stripDebugDebugSymbols/out/lib/arm64-v8a/libimagedecoder.so /home/runner/work/Nekoread/Nekoread/app/build/intermediates/merged_native_libs/debug/mergeDebugNativeLibs/out/lib/arm64-v8a/libimagedecoder.so
Successfully started process 'command '/usr/local/lib/android/sdk/ndk/28.2.13676358/toolchains/llvm/prebuilt/linux-x86_64/bin/llvm-strip''
Successfully started process 'command '/usr/local/lib/android/sdk/ndk/28.2.13676358/toolchains/llvm/prebuilt/linux-x86_64/bin/llvm-strip''
C/C++: android.ndkVersion from module build.gradle is [28.2.13676358]
C/C++: android.ndkPath from module build.gradle is not set
C/C++: ndk.dir in local.properties is not set
C/C++: Not considering ANDROID_NDK_HOME because support was removed after deprecation period.
C/C++: sdkFolder is /usr/local/lib/android/sdk
Starting process 'command '/usr/local/lib/android/sdk/ndk/28.2.13676358/toolchains/llvm/prebuilt/linux-x86_64/bin/llvm-strip''. Working directory: /home/runner/work/Nekoread/Nekoread/app Command: /usr/local/lib/android/sdk/ndk/28.2.13676358/toolchains/llvm/prebuilt/linux-x86_64/bin/llvm-strip --strip-unneeded -o /home/runner/work/Nekoread/Nekoread/app/build/intermediates/stripped_native_libs/debug/stripDebugDebugSymbols/out/lib/armeabi-v7a/libandroidx.graphics.path.so /home/runner/work/Nekoread/Nekoread/app/build/intermediates/merged_native_libs/debug/mergeDebugNativeLibs/out/lib/armeabi-v7a/libandroidx.graphics.path.so
Successfully started process 'command '/usr/local/lib/android/sdk/ndk/28.2.13676358/toolchains/llvm/prebuilt/linux-x86_64/bin/llvm-strip''
C/C++: android.ndkVersion from module build.gradle is [28.2.13676358]
C/C++: android.ndkPath from module build.gradle is not set
C/C++: ndk.dir in local.properties is not set
C/C++: Not considering ANDROID_NDK_HOME because support was removed after deprecation period.
C/C++: sdkFolder is /usr/local/lib/android/sdk
Starting process 'command '/usr/local/lib/android/sdk/ndk/28.2.13676358/toolchains/llvm/prebuilt/linux-x86_64/bin/llvm-strip''. Working directory: /home/runner/work/Nekoread/Nekoread/app Command: /usr/local/lib/android/sdk/ndk/28.2.13676358/toolchains/llvm/prebuilt/linux-x86_64/bin/llvm-strip --strip-unneeded -o /home/runner/work/Nekoread/Nekoread/app/build/intermediates/stripped_native_libs/debug/stripDebugDebugSymbols/out/lib/armeabi-v7a/libdatastore_shared_counter.so /home/runner/work/Nekoread/Nekoread/app/build/intermediates/merged_native_libs/debug/mergeDebugNativeLibs/out/lib/armeabi-v7a/libdatastore_shared_counter.so
C/C++: android.ndkVersion from module build.gradle is [28.2.13676358]
C/C++: android.ndkPath from module build.gradle is not set
C/C++: ndk.dir in local.properties is not set
C/C++: Not considering ANDROID_NDK_HOME because support was removed after deprecation period.
C/C++: sdkFolder is /usr/local/lib/android/sdk
Starting process 'command '/usr/local/lib/android/sdk/ndk/28.2.13676358/toolchains/llvm/prebuilt/linux-x86_64/bin/llvm-strip''. Working directory: /home/runner/work/Nekoread/Nekoread/app Command: /usr/local/lib/android/sdk/ndk/28.2.13676358/toolchains/llvm/prebuilt/linux-x86_64/bin/llvm-strip --strip-unneeded -o /home/runner/work/Nekoread/Nekoread/app/build/intermediates/stripped_native_libs/debug/stripDebugDebugSymbols/out/lib/armeabi-v7a/libimagedecoder.so /home/runner/work/Nekoread/Nekoread/app/build/intermediates/merged_native_libs/debug/mergeDebugNativeLibs/out/lib/armeabi-v7a/libimagedecoder.so
Successfully started process 'command '/usr/local/lib/android/sdk/ndk/28.2.13676358/toolchains/llvm/prebuilt/linux-x86_64/bin/llvm-strip''
C/C++: android.ndkVersion from module build.gradle is [28.2.13676358]
C/C++: android.ndkPath from module build.gradle is not set
C/C++: ndk.dir in local.properties is not set
C/C++: Not considering ANDROID_NDK_HOME because support was removed after deprecation period.
C/C++: sdkFolder is /usr/local/lib/android/sdk
Successfully started process 'command '/usr/local/lib/android/sdk/ndk/28.2.13676358/toolchains/llvm/prebuilt/linux-x86_64/bin/llvm-strip''
Starting process 'command '/usr/local/lib/android/sdk/ndk/28.2.13676358/toolchains/llvm/prebuilt/linux-x86_64/bin/llvm-strip''. Working directory: /home/runner/work/Nekoread/Nekoread/app Command: /usr/local/lib/android/sdk/ndk/28.2.13676358/toolchains/llvm/prebuilt/linux-x86_64/bin/llvm-strip --strip-unneeded -o /home/runner/work/Nekoread/Nekoread/app/build/intermediates/stripped_native_libs/debug/stripDebugDebugSymbols/out/lib/armeabi-v7a/libzstd-kmp.so /home/runner/work/Nekoread/Nekoread/app/build/intermediates/merged_native_libs/debug/mergeDebugNativeLibs/out/lib/armeabi-v7a/libzstd-kmp.so
C/C++: android.ndkVersion from module build.gradle is [28.2.13676358]
C/C++: android.ndkPath from module build.gradle is not set
C/C++: ndk.dir in local.properties is not set
C/C++: Not considering ANDROID_NDK_HOME because support was removed after deprecation period.
C/C++: sdkFolder is /usr/local/lib/android/sdk
Starting process 'command '/usr/local/lib/android/sdk/ndk/28.2.13676358/toolchains/llvm/prebuilt/linux-x86_64/bin/llvm-strip''. Working directory: /home/runner/work/Nekoread/Nekoread/app Command: /usr/local/lib/android/sdk/ndk/28.2.13676358/toolchains/llvm/prebuilt/linux-x86_64/bin/llvm-strip --strip-unneeded -o /home/runner/work/Nekoread/Nekoread/app/build/intermediates/stripped_native_libs/debug/stripDebugDebugSymbols/out/lib/x86/libandroidx.graphics.path.so /home/runner/work/Nekoread/Nekoread/app/build/intermediates/merged_native_libs/debug/mergeDebugNativeLibs/out/lib/x86/libandroidx.graphics.path.so
Successfully started process 'command '/usr/local/lib/android/sdk/ndk/28.2.13676358/toolchains/llvm/prebuilt/linux-x86_64/bin/llvm-strip''
C/C++: android.ndkVersion from module build.gradle is [28.2.13676358]
C/C++: android.ndkPath from module build.gradle is not set
C/C++: ndk.dir in local.properties is not set
C/C++: Not considering ANDROID_NDK_HOME because support was removed after deprecation period.
C/C++: sdkFolder is /usr/local/lib/android/sdk
Starting process 'command '/usr/local/lib/android/sdk/ndk/28.2.13676358/toolchains/llvm/prebuilt/linux-x86_64/bin/llvm-strip''. Working directory: /home/runner/work/Nekoread/Nekoread/app Command: /usr/local/lib/android/sdk/ndk/28.2.13676358/toolchains/llvm/prebuilt/linux-x86_64/bin/llvm-strip --strip-unneeded -o /home/runner/work/Nekoread/Nekoread/app/build/intermediates/stripped_native_libs/debug/stripDebugDebugSymbols/out/lib/x86/libdatastore_shared_counter.so /home/runner/work/Nekoread/Nekoread/app/build/intermediates/merged_native_libs/debug/mergeDebugNativeLibs/out/lib/x86/libdatastore_shared_counter.so
Successfully started process 'command '/usr/local/lib/android/sdk/ndk/28.2.13676358/toolchains/llvm/prebuilt/linux-x86_64/bin/llvm-strip''
C/C++: android.ndkVersion from module build.gradle is [28.2.13676358]
C/C++: android.ndkPath from module build.gradle is not set
C/C++: ndk.dir in local.properties is not set
C/C++: Not considering ANDROID_NDK_HOME because support was removed after deprecation period.
C/C++: sdkFolder is /usr/local/lib/android/sdk
Starting process 'command '/usr/local/lib/android/sdk/ndk/28.2.13676358/toolchains/llvm/prebuilt/linux-x86_64/bin/llvm-strip''. Working directory: /home/runner/work/Nekoread/Nekoread/app Command: /usr/local/lib/android/sdk/ndk/28.2.13676358/toolchains/llvm/prebuilt/linux-x86_64/bin/llvm-strip --strip-unneeded -o /home/runner/work/Nekoread/Nekoread/app/build/intermediates/stripped_native_libs/debug/stripDebugDebugSymbols/out/lib/x86/libimagedecoder.so /home/runner/work/Nekoread/Nekoread/app/build/intermediates/merged_native_libs/debug/mergeDebugNativeLibs/out/lib/x86/libimagedecoder.so
Successfully started process 'command '/usr/local/lib/android/sdk/ndk/28.2.13676358/toolchains/llvm/prebuilt/linux-x86_64/bin/llvm-strip''
Successfully started process 'command '/usr/local/lib/android/sdk/ndk/28.2.13676358/toolchains/llvm/prebuilt/linux-x86_64/bin/llvm-strip''
C/C++: android.ndkVersion from module build.gradle is [28.2.13676358]
C/C++: android.ndkPath from module build.gradle is not set
C/C++: ndk.dir in local.properties is not set
C/C++: Not considering ANDROID_NDK_HOME because support was removed after deprecation period.
C/C++: sdkFolder is /usr/local/lib/android/sdk
Starting process 'command '/usr/local/lib/android/sdk/ndk/28.2.13676358/toolchains/llvm/prebuilt/linux-x86_64/bin/llvm-strip''. Working directory: /home/runner/work/Nekoread/Nekoread/app Command: /usr/local/lib/android/sdk/ndk/28.2.13676358/toolchains/llvm/prebuilt/linux-x86_64/bin/llvm-strip --strip-unneeded -o /home/runner/work/Nekoread/Nekoread/app/build/intermediates/stripped_native_libs/debug/stripDebugDebugSymbols/out/lib/x86/libzstd-kmp.so /home/runner/work/Nekoread/Nekoread/app/build/intermediates/merged_native_libs/debug/mergeDebugNativeLibs/out/lib/x86/libzstd-kmp.so
Successfully started process 'command '/usr/local/lib/android/sdk/ndk/28.2.13676358/toolchains/llvm/prebuilt/linux-x86_64/bin/llvm-strip''
C/C++: android.ndkVersion from module build.gradle is [28.2.13676358]
C/C++: android.ndkPath from module build.gradle is not set
C/C++: ndk.dir in local.properties is not set
C/C++: Not considering ANDROID_NDK_HOME because support was removed after deprecation period.
C/C++: sdkFolder is /usr/local/lib/android/sdk
Starting process 'command '/usr/local/lib/android/sdk/ndk/28.2.13676358/toolchains/llvm/prebuilt/linux-x86_64/bin/llvm-strip''. Working directory: /home/runner/work/Nekoread/Nekoread/app Command: /usr/local/lib/android/sdk/ndk/28.2.13676358/toolchains/llvm/prebuilt/linux-x86_64/bin/llvm-strip --strip-unneeded -o /home/runner/work/Nekoread/Nekoread/app/build/intermediates/stripped_native_libs/debug/stripDebugDebugSymbols/out/lib/x86_64/libandroidx.graphics.path.so /home/runner/work/Nekoread/Nekoread/app/build/intermediates/merged_native_libs/debug/mergeDebugNativeLibs/out/lib/x86_64/libandroidx.graphics.path.so
C/C++: android.ndkVersion from module build.gradle is [28.2.13676358]
C/C++: android.ndkPath from module build.gradle is not set
C/C++: ndk.dir in local.properties is not set
C/C++: Not considering ANDROID_NDK_HOME because support was removed after deprecation period.
C/C++: sdkFolder is /usr/local/lib/android/sdk
Starting process 'command '/usr/local/lib/android/sdk/ndk/28.2.13676358/toolchains/llvm/prebuilt/linux-x86_64/bin/llvm-strip''. Working directory: /home/runner/work/Nekoread/Nekoread/app Command: /usr/local/lib/android/sdk/ndk/28.2.13676358/toolchains/llvm/prebuilt/linux-x86_64/bin/llvm-strip --strip-unneeded -o /home/runner/work/Nekoread/Nekoread/app/build/intermediates/stripped_native_libs/debug/stripDebugDebugSymbols/out/lib/x86_64/libdatastore_shared_counter.so /home/runner/work/Nekoread/Nekoread/app/build/intermediates/merged_native_libs/debug/mergeDebugNativeLibs/out/lib/x86_64/libdatastore_shared_counter.so
Successfully started process 'command '/usr/local/lib/android/sdk/ndk/28.2.13676358/toolchains/llvm/prebuilt/linux-x86_64/bin/llvm-strip''
Successfully started process 'command '/usr/local/lib/android/sdk/ndk/28.2.13676358/toolchains/llvm/prebuilt/linux-x86_64/bin/llvm-strip''
C/C++: android.ndkVersion from module build.gradle is [28.2.13676358]
C/C++: android.ndkPath from module build.gradle is not set
C/C++: ndk.dir in local.properties is not set
C/C++: Not considering ANDROID_NDK_HOME because support was removed after deprecation period.
C/C++: sdkFolder is /usr/local/lib/android/sdk
Starting process 'command '/usr/local/lib/android/sdk/ndk/28.2.13676358/toolchains/llvm/prebuilt/linux-x86_64/bin/llvm-strip''. Working directory: /home/runner/work/Nekoread/Nekoread/app Command: /usr/local/lib/android/sdk/ndk/28.2.13676358/toolchains/llvm/prebuilt/linux-x86_64/bin/llvm-strip --strip-unneeded -o /home/runner/work/Nekoread/Nekoread/app/build/intermediates/stripped_native_libs/debug/stripDebugDebugSymbols/out/lib/x86_64/libimagedecoder.so /home/runner/work/Nekoread/Nekoread/app/build/intermediates/merged_native_libs/debug/mergeDebugNativeLibs/out/lib/x86_64/libimagedecoder.so
C/C++: android.ndkVersion from module build.gradle is [28.2.13676358]
C/C++: android.ndkPath from module build.gradle is not set
C/C++: ndk.dir in local.properties is not set
C/C++: Not considering ANDROID_NDK_HOME because support was removed after deprecation period.
C/C++: sdkFolder is /usr/local/lib/android/sdk
Starting process 'command '/usr/local/lib/android/sdk/ndk/28.2.13676358/toolchains/llvm/prebuilt/linux-x86_64/bin/llvm-strip''. Working directory: /home/runner/work/Nekoread/Nekoread/app Command: /usr/local/lib/android/sdk/ndk/28.2.13676358/toolchains/llvm/prebuilt/linux-x86_64/bin/llvm-strip --strip-unneeded -o /home/runner/work/Nekoread/Nekoread/app/build/intermediates/stripped_native_libs/debug/stripDebugDebugSymbols/out/lib/x86_64/libzstd-kmp.so /home/runner/work/Nekoread/Nekoread/app/build/intermediates/merged_native_libs/debug/mergeDebugNativeLibs/out/lib/x86_64/libzstd-kmp.so
Successfully started process 'command '/usr/local/lib/android/sdk/ndk/28.2.13676358/toolchains/llvm/prebuilt/linux-x86_64/bin/llvm-strip''
Successfully started process 'command '/usr/local/lib/android/sdk/ndk/28.2.13676358/toolchains/llvm/prebuilt/linux-x86_64/bin/llvm-strip''

> Task :app:processDebugResources
Build cache key for task ':app:processDebugResources' is c61e91d4e9454db69095d8d37c6af71c
Task ':app:processDebugResources' is not up-to-date because:
  No history is available.
The input changes require a full rebuild for incremental task ':app:processDebugResources'.
AAPT2 aapt2-9.1.1-14792394-linux Daemon #0: starting
Aapt output file /home/runner/work/Nekoread/Nekoread/app/build/intermediates/linked_resources_binary_format/debug/processDebugResources/linked-resources-binary-format-debug.ap_
Stored cache entry for task ':app:processDebugResources' with cache key c61e91d4e9454db69095d8d37c6af71c

> Task :app:kspDebugKotlin
Stored cache entry for task ':app:kspDebugKotlin' with cache key 2513ec38b5d5039923ada4bca5cb6341
Resolve mutations for :app:compileDebugKotlin (Thread[Execution worker Thread 3,5,main]) started.
:app:compileDebugKotlin (Thread[Execution worker Thread 2,5,main]) started.

> Task :app:compileDebugKotlin
file or directory '/home/runner/work/Nekoread/Nekoread/app/src/main/kotlin', not found
file or directory '/home/runner/work/Nekoread/Nekoread/app/src/debug/java', not found
file or directory '/home/runner/work/Nekoread/Nekoread/app/src/debug/kotlin', not found
file or directory '/home/runner/work/Nekoread/Nekoread/app/src/debug/java', not found
file or directory '/home/runner/work/Nekoread/Nekoread/app/src/main/kotlin', not found
file or directory '/home/runner/work/Nekoread/Nekoread/app/src/debug/java', not found
file or directory '/home/runner/work/Nekoread/Nekoread/app/src/debug/kotlin', not found
file or directory '/home/runner/work/Nekoread/Nekoread/app/src/debug/java', not found
Registered task dependencies: app:kotlinCompilerClasspath
Starting dependency analysis
file or directory '/home/runner/work/Nekoread/Nekoread/app/src/main/kotlin', not found
file or directory '/home/runner/work/Nekoread/Nekoread/app/src/debug/java', not found
file or directory '/home/runner/work/Nekoread/Nekoread/app/src/debug/kotlin', not found
file or directory '/home/runner/work/Nekoread/Nekoread/app/src/debug/java', not found
Registered task dependencies: app:kotlinCompilerPluginClasspath
Starting dependency analysis
Registered task dependencies: app:kotlinCompilerPluginClasspathDebug
Starting dependency analysis
Custom actions are attached to task ':app:compileDebugKotlin'.
Build cache key for task ':app:compileDebugKotlin' is e4ba3ee1c920503156692c3db3f77b7f
Task ':app:compileDebugKotlin' is not up-to-date because:
  No history is available.
The input changes require a full rebuild for incremental task ':app:compileDebugKotlin'.
file or directory '/home/runner/work/Nekoread/Nekoread/app/src/main/kotlin', not found
file or directory '/home/runner/work/Nekoread/Nekoread/app/src/main/kotlin', not found
file or directory '/home/runner/work/Nekoread/Nekoread/app/src/debug/java', not found
file or directory '/home/runner/work/Nekoread/Nekoread/app/src/debug/java', not found
file or directory '/home/runner/work/Nekoread/Nekoread/app/src/debug/kotlin', not found
file or directory '/home/runner/work/Nekoread/Nekoread/app/src/debug/kotlin', not found
file or directory '/home/runner/work/Nekoread/Nekoread/app/src/debug/java', not found
file or directory '/home/runner/work/Nekoread/Nekoread/app/src/debug/java', not found
file or directory '/home/runner/work/Nekoread/Nekoread/app/src/main/kotlin', not found
file or directory '/home/runner/work/Nekoread/Nekoread/app/src/debug/java', not found
file or directory '/home/runner/work/Nekoread/Nekoread/app/src/debug/kotlin', not found
file or directory '/home/runner/work/Nekoread/Nekoread/app/build/generated/ksp/debug/java', not found
file or directory '/home/runner/work/Nekoread/Nekoread/app/src/main/kotlin', not found
file or directory '/home/runner/work/Nekoread/Nekoread/app/src/debug/java', not found
file or directory '/home/runner/work/Nekoread/Nekoread/app/src/debug/kotlin', not found
file or directory '/home/runner/work/Nekoread/Nekoread/app/src/debug/java', not found
file or directory '/home/runner/work/Nekoread/Nekoread/app/src/main/kotlin', not found
file or directory '/home/runner/work/Nekoread/Nekoread/app/src/main/kotlin', not found
file or directory '/home/runner/work/Nekoread/Nekoread/app/src/debug/java', not found
file or directory '/home/runner/work/Nekoread/Nekoread/app/src/debug/java', not found
file or directory '/home/runner/work/Nekoread/Nekoread/app/src/debug/kotlin', not found
file or directory '/home/runner/work/Nekoread/Nekoread/app/src/debug/kotlin', not found
file or directory '/home/runner/work/Nekoread/Nekoread/app/src/debug/java', not found
file or directory '/home/runner/work/Nekoread/Nekoread/app/src/debug/java', not found
file or directory '/home/runner/work/Nekoread/Nekoread/app/src/main/kotlin', not found
file or directory '/home/runner/work/Nekoread/Nekoread/app/src/debug/java', not found
file or directory '/home/runner/work/Nekoread/Nekoread/app/src/debug/kotlin', not found
file or directory '/home/runner/work/Nekoread/Nekoread/app/build/generated/ksp/debug/java', not found
file or directory '/home/runner/work/Nekoread/Nekoread/app/src/main/kotlin', not found
file or directory '/home/runner/work/Nekoread/Nekoread/app/src/main/kotlin', not found
file or directory '/home/runner/work/Nekoread/Nekoread/app/src/debug/java', not found
file or directory '/home/runner/work/Nekoread/Nekoread/app/src/debug/java', not found
file or directory '/home/runner/work/Nekoread/Nekoread/app/src/debug/kotlin', not found
file or directory '/home/runner/work/Nekoread/Nekoread/app/src/debug/kotlin', not found
file or directory '/home/runner/work/Nekoread/Nekoread/app/src/debug/java', not found
file or directory '/home/runner/work/Nekoread/Nekoread/app/src/debug/java', not found
file or directory '/home/runner/work/Nekoread/Nekoread/app/src/main/kotlin', not found
file or directory '/home/runner/work/Nekoread/Nekoread/app/src/debug/java', not found
file or directory '/home/runner/work/Nekoread/Nekoread/app/src/debug/kotlin', not found
file or directory '/home/runner/work/Nekoread/Nekoread/app/build/generated/ksp/debug/java', not found
file or directory '/home/runner/work/Nekoread/Nekoread/app/src/main/kotlin', not found
file or directory '/home/runner/work/Nekoread/Nekoread/app/src/main/kotlin', not found
file or directory '/home/runner/work/Nekoread/Nekoread/app/src/debug/java', not found
file or directory '/home/runner/work/Nekoread/Nekoread/app/src/debug/java', not found
file or directory '/home/runner/work/Nekoread/Nekoread/app/src/debug/kotlin', not found
file or directory '/home/runner/work/Nekoread/Nekoread/app/src/debug/kotlin', not found
file or directory '/home/runner/work/Nekoread/Nekoread/app/src/debug/java', not found
file or directory '/home/runner/work/Nekoread/Nekoread/app/src/debug/java', not found
file or directory '/home/runner/work/Nekoread/Nekoread/app/src/main/kotlin', not found
file or directory '/home/runner/work/Nekoread/Nekoread/app/src/debug/java', not found
file or directory '/home/runner/work/Nekoread/Nekoread/app/src/debug/kotlin', not found
file or directory '/home/runner/work/Nekoread/Nekoread/app/build/generated/ksp/debug/java', not found
Kotlin source files: /home/runner/work/Nekoread/Nekoread/app/src/main/java/com/example/data/extension/ExtensionDexLoader.kt, /home/runner/work/Nekoread/Nekoread/app/src/main/java/com/example/data/extension/ExtensionEngine.kt, /home/runner/work/Nekoread/Nekoread/app/src/main/java/com/example/data/extension/ExtensionNetwork.kt, /home/runner/work/Nekoread/Nekoread/app/src/main/java/com/example/data/repository/MangaRepository.kt, /home/runner/work/Nekoread/Nekoread/app/src/main/java/com/example/data/source/ExtensionPageImageFetcher.kt, /home/runner/work/Nekoread/Nekoread/app/src/main/java/com/example/data/source/MangaDexSource.kt, /home/runner/work/Nekoread/Nekoread/app/src/main/java/com/example/data/source/TachiyomiHttpSourceAdapter.kt, /home/runner/work/Nekoread/Nekoread/app/src/main/java/com/example/data/source/MangaSource.kt, /home/runner/work/Nekoread/Nekoread/app/src/main/java/com/example/data/local/AppDatabase.kt, /home/runner/work/Nekoread/Nekoread/app/src/main/java/com/example/data/local/Entities.kt, /home/runner/work/Nekoread/Nekoread/app/src/main/java/com/example/data/local/Daos.kt, /home/runner/work/Nekoread/Nekoread/app/src/main/java/com/example/data/coil/TachiyomiReaderDecoder.kt, /home/runner/work/Nekoread/Nekoread/app/src/main/java/com/example/data/coil/Utils.kt, /home/runner/work/Nekoread/Nekoread/app/src/main/java/com/example/data/reader/WebtoonPageCache.kt, /home/runner/work/Nekoread/Nekoread/app/src/main/java/com/example/ui/MainViewModel.kt, /home/runner/work/Nekoread/Nekoread/app/src/main/java/com/example/ui/screens/LibraryScreen.kt, /home/runner/work/Nekoread/Nekoread/app/src/main/java/com/example/ui/screens/YomiWebtoonReader.kt, /home/runner/work/Nekoread/Nekoread/app/src/main/java/com/example/ui/screens/ChimahonPagerReader.kt, /home/runner/work/Nekoread/Nekoread/app/src/main/java/com/example/ui/screens/WebtoonSubsamplingItem.kt, /home/runner/work/Nekoread/Nekoread/app/src/main/java/com/example/ui/screens/BrowseScreen.kt, /home/runner/work/Nekoread/Nekoread/app/src/main/java/com/example/ui/screens/WebViewDialog.kt, /home/runner/work/Nekoread/Nekoread/app/src/main/java/com/example/ui/screens/MangaDetailScreen.kt, /home/runner/work/Nekoread/Nekoread/app/src/main/java/com/example/ui/screens/ReaderScreen.kt, /home/runner/work/Nekoread/Nekoread/app/src/main/java/com/example/ui/screens/UpdatesHistoryScreen.kt, /home/runner/work/Nekoread/Nekoread/app/src/main/java/com/example/ui/screens/SettingsScreen.kt, /home/runner/work/Nekoread/Nekoread/app/src/main/java/com/example/ui/screens/YomiReaderChrome.kt, /home/runner/work/Nekoread/Nekoread/app/src/main/java/com/example/ui/ReaderEnums.kt, /home/runner/work/Nekoread/Nekoread/app/src/main/java/com/example/ui/theme/Type.kt, /home/runner/work/Nekoread/Nekoread/app/src/main/java/com/example/ui/theme/Color.kt, /home/runner/work/Nekoread/Nekoread/app/src/main/java/com/example/ui/theme/Theme.kt, /home/runner/work/Nekoread/Nekoread/app/src/main/java/com/example/ui/components/MangaCard.kt, /home/runner/work/Nekoread/Nekoread/app/src/main/java/com/example/ui/components/FloatingTopAppBar.kt, /home/runner/work/Nekoread/Nekoread/app/src/main/java/com/example/ui/components/Glass.kt, /home/runner/work/Nekoread/Nekoread/app/src/main/java/com/example/MainActivity.kt, /home/runner/work/Nekoread/Nekoread/app/src/main/java/com/example/util/Errors.kt, /home/runner/work/Nekoread/Nekoread/app/src/main/java/com/example/util/Chapters.kt, /home/runner/work/Nekoread/Nekoread/app/src/main/java/com/example/util/BuildInfo.kt, /home/runner/work/Nekoread/Nekoread/app/src/main/java/com/example/updater/AppUpdater.kt, /home/runner/work/Nekoread/Nekoread/app/src/main/java/com/example/updater/UpdateDownloadService.kt, /home/runner/work/Nekoread/Nekoread/app/src/main/java/uy/kohesive/injekt/Injekt.kt, /home/runner/work/Nekoread/Nekoread/app/src/main/java/uy/kohesive/injekt/api/Modules.kt, /home/runner/work/Nekoread/Nekoread/app/src/main/java/uy/kohesive/injekt/api/Scope.kt, /home/runner/work/Nekoread/Nekoread/app/src/main/java/uy/kohesive/injekt/api/Exceptions.kt, /home/runner/work/Nekoread/Nekoread/app/src/main/java/uy/kohesive/injekt/api/TypeInfo.kt, /home/runner/work/Nekoread/Nekoread/app/src/main/java/uy/kohesive/injekt/api/Registrar.kt, /home/runner/work/Nekoread/Nekoread/app/src/main/java/uy/kohesive/injekt/api/Registry.kt, /home/runner/work/Nekoread/Nekoread/app/src/main/java/uy/kohesive/injekt/api/Factory.kt, /home/runner/work/Nekoread/Nekoread/app/src/main/java/uy/kohesive/injekt/registry/default/DefaultRegistrar.kt, /home/runner/work/Nekoread/Nekoread/app/src/main/java/eu/kanade/tachiyomi/network/AndroidCookieJar.kt, /home/runner/work/Nekoread/Nekoread/app/src/main/java/eu/kanade/tachiyomi/network/OkHttpExtensions.kt, /home/runner/work/Nekoread/Nekoread/app/src/main/java/eu/kanade/tachiyomi/network/JavaScriptEngine.kt, /home/runner/work/Nekoread/Nekoread/app/src/main/java/eu/kanade/tachiyomi/network/Requests.kt, /home/runner/work/Nekoread/Nekoread/app/src/main/java/eu/kanade/tachiyomi/network/NetworkHelper.kt, /home/runner/work/Nekoread/Nekoread/app/src/main/java/eu/kanade/tachiyomi/network/ProgressListener.kt, /home/runner/work/Nekoread/Nekoread/app/src/main/java/eu/kanade/tachiyomi/network/ProgressResponseBody.kt, /home/runner/work/Nekoread/Nekoread/app/src/main/java/eu/kanade/tachiyomi/network/interceptor/CloudflareInterceptor.kt, /home/runner/work/Nekoread/Nekoread/app/src/main/java/eu/kanade/tachiyomi/network/interceptor/SpecificHostRateLimitInterceptor.kt, /home/runner/work/Nekoread/Nekoread/app/src/main/java/eu/kanade/tachiyomi/network/interceptor/CloudflareChallengeDialog.kt, /home/runner/work/Nekoread/Nekoread/app/src/main/java/eu/kanade/tachiyomi/network/interceptor/UncaughtExceptionInterceptor.kt, /home/runner/work/Nekoread/Nekoread/app/src/main/java/eu/kanade/tachiyomi/network/interceptor/CloudflareChallengeDetector.kt, /home/runner/work/Nekoread/Nekoread/app/src/main/java/eu/kanade/tachiyomi/network/interceptor/RateLimitInterceptor.kt, /home/runner/work/Nekoread/Nekoread/app/src/main/java/eu/kanade/tachiyomi/network/interceptor/WebViewInterceptor.kt, /home/runner/work/Nekoread/Nekoread/app/src/main/java/eu/kanade/tachiyomi/network/interceptor/RetryInterceptor.kt, /home/runner/work/Nekoread/Nekoread/app/src/main/java/eu/kanade/tachiyomi/network/interceptor/ApexWwwRetryInterceptor.kt, /home/runner/work/Nekoread/Nekoread/app/src/main/java/eu/kanade/tachiyomi/network/interceptor/UserAgentInterceptor.kt, /home/runner/work/Nekoread/Nekoread/app/src/main/java/eu/kanade/tachiyomi/network/interceptor/CloudflareChallengeResolver.kt, /home/runner/work/Nekoread/Nekoread/app/src/main/java/eu/kanade/tachiyomi/AppInfo.kt, /home/runner/work/Nekoread/Nekoread/app/src/main/java/eu/kanade/tachiyomi/source/UnmeteredSource.kt, /home/runner/work/Nekoread/Nekoread/app/src/main/java/eu/kanade/tachiyomi/source/online/HttpSource.kt, /home/runner/work/Nekoread/Nekoread/app/src/main/java/eu/kanade/tachiyomi/source/online/ResolvableSource.kt, /home/runner/work/Nekoread/Nekoread/app/src/main/java/eu/kanade/tachiyomi/source/online/ParsedHttpSource.kt, /home/runner/work/Nekoread/Nekoread/app/src/main/java/eu/kanade/tachiyomi/source/PreferenceScreen.kt, /home/runner/work/Nekoread/Nekoread/app/src/main/java/eu/kanade/tachiyomi/source/SourceFactory.kt, /home/runner/work/Nekoread/Nekoread/app/src/main/java/eu/kanade/tachiyomi/source/MangaSource.kt, /home/runner/work/Nekoread/Nekoread/app/src/main/java/eu/kanade/tachiyomi/source/model/SourceGenreParser.kt, /home/runner/work/Nekoread/Nekoread/app/src/main/java/eu/kanade/tachiyomi/source/model/SMangaImpl.kt, /home/runner/work/Nekoread/Nekoread/app/src/main/java/eu/kanade/tachiyomi/source/model/Page.kt, /home/runner/work/Nekoread/Nekoread/app/src/main/java/eu/kanade/tachiyomi/source/model/SMangaUpdate.kt, /home/runner/work/Nekoread/Nekoread/app/src/main/java/eu/kanade/tachiyomi/source/model/SManga.kt, /home/runner/work/Nekoread/Nekoread/app/src/main/java/eu/kanade/tachiyomi/source/model/Filter.kt, /home/runner/work/Nekoread/Nekoread/app/src/main/java/eu/kanade/tachiyomi/source/model/RefreshContext.kt, /home/runner/work/Nekoread/Nekoread/app/src/main/java/eu/kanade/tachiyomi/source/model/FilterList.kt, /home/runner/work/Nekoread/Nekoread/app/src/main/java/eu/kanade/tachiyomi/source/model/SChapter.kt, /home/runner/work/Nekoread/Nekoread/app/src/main/java/eu/kanade/tachiyomi/source/model/UpdateStrategy.kt, /home/runner/work/Nekoread/Nekoread/app/src/main/java/eu/kanade/tachiyomi/source/model/MangasPage.kt, /home/runner/work/Nekoread/Nekoread/app/src/main/java/eu/kanade/tachiyomi/source/model/SChapterImpl.kt, /home/runner/work/Nekoread/Nekoread/app/src/main/java/eu/kanade/tachiyomi/source/ConfigurableSource.kt, /home/runner/work/Nekoread/Nekoread/app/src/main/java/eu/kanade/tachiyomi/source/CatalogueSource.kt, /home/runner/work/Nekoread/Nekoread/app/src/main/java/eu/kanade/tachiyomi/source/Source.kt, /home/runner/work/Nekoread/Nekoread/app/src/main/java/eu/kanade/tachiyomi/ui/reader/viewer/ReaderPageImageView.kt, /home/runner/work/Nekoread/Nekoread/app/src/main/java/eu/kanade/tachiyomi/ui/reader/viewer/GestureDetectorWithLongTap.kt, /home/runner/work/Nekoread/Nekoread/app/src/main/java/eu/kanade/tachiyomi/ui/reader/viewer/pager/PagerPage.kt, /home/runner/work/Nekoread/Nekoread/app/src/main/java/eu/kanade/tachiyomi/ui/reader/viewer/pager/PagerConfig.kt, /home/runner/work/Nekoread/Nekoread/app/src/main/java/eu/kanade/tachiyomi/ui/reader/viewer/pager/PagerPageHolder.kt, /home/runner/work/Nekoread/Nekoread/app/src/main/java/eu/kanade/tachiyomi/ui/reader/viewer/pager/PagerAdapter.kt, /home/runner/work/Nekoread/Nekoread/app/src/main/java/eu/kanade/tachiyomi/ui/reader/viewer/pager/PagerViewers.kt, /home/runner/work/Nekoread/Nekoread/app/src/main/java/eu/kanade/tachiyomi/ui/reader/viewer/pager/Pager.kt, /home/runner/work/Nekoread/Nekoread/app/src/main/java/eu/kanade/tachiyomi/ui/reader/viewer/pager/PagerViewer.kt, /home/runner/work/Nekoread/Nekoread/app/src/main/java/eu/kanade/tachiyomi/ui/reader/viewer/webtoon/WebtoonConfig.kt, /home/runner/work/Nekoread/Nekoread/app/src/main/java/eu/kanade/tachiyomi/ui/reader/viewer/webtoon/WebtoonFrame.kt, /home/runner/work/Nekoread/Nekoread/app/src/main/java/eu/kanade/tachiyomi/ui/reader/viewer/webtoon/WebtoonViewer.kt, /home/runner/work/Nekoread/Nekoread/app/src/main/java/eu/kanade/tachiyomi/ui/reader/viewer/webtoon/WebtoonRecyclerView.kt, /home/runner/work/Nekoread/Nekoread/app/src/main/java/eu/kanade/tachiyomi/ui/reader/viewer/webtoon/WebtoonPageHolder.kt, /home/runner/work/Nekoread/Nekoread/app/src/main/java/eu/kanade/tachiyomi/ui/reader/viewer/webtoon/WebtoonAdapter.kt, /home/runner/work/Nekoread/Nekoread/app/src/main/java/eu/kanade/tachiyomi/ui/reader/viewer/webtoon/WebtoonBorderDetector.kt, /home/runner/work/Nekoread/Nekoread/app/src/main/java/eu/kanade/tachiyomi/ui/reader/viewer/webtoon/WebtoonLayoutManager.kt, /home/runner/work/Nekoread/Nekoread/app/src/main/java/eu/kanade/tachiyomi/ui/reader/viewer/webtoon/WebtoonSubsamplingImageView.kt, /home/runner/work/Nekoread/Nekoread/app/src/main/java/eu/kanade/tachiyomi/ui/reader/viewer/ViewerNavigation.kt, /home/runner/work/Nekoread/Nekoread/app/src/main/java/eu/kanade/tachiyomi/util/JsoupExtensions.kt, /home/runner/work/Nekoread/Nekoread/app/src/main/java/eu/kanade/tachiyomi/util/RxExtension.kt, /home/runner/work/Nekoread/Nekoread/app/src/main/java/eu/kanade/tachiyomi/util/JsonExtensions.kt, /home/runner/work/Nekoread/Nekoread/app/src/main/java/eu/kanade/tachiyomi/util/system/CloudflareWebViewHeaders.kt, /home/runner/work/Nekoread/Nekoread/app/src/main/java/eu/kanade/tachiyomi/util/system/WebViewUtil.kt, /home/runner/work/Nekoread/Nekoread/app/src/main/java/tachiyomi/core/common/util/lang/RxCoroutineBridge.kt, /home/runner/work/Nekoread/Nekoread/app/build/generated/ksp/debug/kotlin/com/example/data/local/CategoryDao_Impl.kt, /home/runner/work/Nekoread/Nekoread/app/build/generated/ksp/debug/kotlin/com/example/data/local/ExtensionDao_Impl.kt, /home/runner/work/Nekoread/Nekoread/app/build/generated/ksp/debug/kotlin/com/example/data/local/MangaDao_Impl.kt, /home/runner/work/Nekoread/Nekoread/app/build/generated/ksp/debug/kotlin/com/example/data/local/ChapterDao_Impl.kt, /home/runner/work/Nekoread/Nekoread/app/build/generated/ksp/debug/kotlin/com/example/data/local/AppDatabase_Impl.kt
Java source files: /home/runner/work/Nekoread/Nekoread/app/build/generated/source/buildConfig/debug/com/example/BuildConfig.java
Script source files: 
Script file extensions: 
Using Kotlin/JVM incremental compilation
[KOTLIN] Kotlin compilation 'jdkHome' argument: /usr/lib/jvm/temurin-17-jdk-amd64
Finished executing kotlin compiler using IN_PROCESS strategy
e: file:///home/runner/work/Nekoread/Nekoread/app/src/main/java/com/example/ui/screens/YomiReaderChrome.kt:737:32 Unresolved reference 'AutoAwesome'.

> Task :app:compileDebugKotlin FAILED
AAPT2 aapt2-9.1.1-14792394-linux Daemon #0: shutdown
gradle/actions: Writing build results to /home/runner/work/_temp/.gradle-actions/build-results/__run_3-1788778612693.json
Build bda495c2-4261-4a28-8162-8bd5f7126037 is closed

FAILURE: Build failed with an exception.

* What went wrong:
Execution failed for task ':app:compileDebugKotlin'.
> A failure occurred while executing org.jetbrains.kotlin.compilerRunner.GradleCompilerRunnerWithWorkers$GradleKotlinCompilerWorkAction
   > Compilation error. See log for more details

* Try:
> Run with --debug option to get more log output.
> Run with --scan to get full insights from a Build Scan (powered by Develocity).
> Get more help at https://help.gradle.org.

* Exception is:
org.gradle.api.tasks.TaskExecutionException: Execution failed for task ':app:compileDebugKotlin'.
	at org.gradle.api.internal.tasks.execution.ExecuteActionsTaskExecuter.lambda$executeIfValid$1(ExecuteActionsTaskExecuter.java:135)
	at org.gradle.internal.Try$Failure.ifSuccessfulOrElse(Try.java:288)
	at org.gradle.api.internal.tasks.execution.ExecuteActionsTaskExecuter.executeIfValid(ExecuteActionsTaskExecuter.java:133)
	at org.gradle.api.internal.tasks.execution.ExecuteActionsTaskExecuter.execute(ExecuteActionsTaskExecuter.java:121)
	at org.gradle.api.internal.tasks.execution.ProblemsTaskPathTrackingTaskExecuter.execute(ProblemsTaskPathTrackingTaskExecuter.java:41)
	at org.gradle.api.internal.tasks.execution.FinalizePropertiesTaskExecuter.execute(FinalizePropertiesTaskExecuter.java:46)
	at org.gradle.api.internal.tasks.execution.ResolveTaskExecutionModeExecuter.execute(ResolveTaskExecutionModeExecuter.java:51)
	at org.gradle.api.internal.tasks.execution.SkipTaskWithNoActionsExecuter.execute(SkipTaskWithNoActionsExecuter.java:57)
	at org.gradle.api.internal.tasks.execution.SkipOnlyIfTaskExecuter.execute(SkipOnlyIfTaskExecuter.java:74)
	at org.gradle.api.internal.tasks.execution.CatchExceptionTaskExecuter.execute(CatchExceptionTaskExecuter.java:36)
	at org.gradle.api.internal.tasks.execution.EventFiringTaskExecuter$1.executeTask(EventFiringTaskExecuter.java:77)
	at org.gradle.api.internal.tasks.execution.EventFiringTaskExecuter$1.call(EventFiringTaskExecuter.java:55)
	at org.gradle.api.internal.tasks.execution.EventFiringTaskExecuter$1.call(EventFiringTaskExecuter.java:52)
	at org.gradle.internal.operations.DefaultBuildOperationRunner$CallableBuildOperationWorker.execute(DefaultBuildOperationRunner.java:209)
	at org.gradle.internal.operations.DefaultBuildOperationRunner$CallableBuildOperationWorker.execute(DefaultBuildOperationRunner.java:204)
	at org.gradle.internal.operations.DefaultBuildOperationRunner$2.execute(DefaultBuildOperationRunner.java:66)
	at org.gradle.internal.operations.DefaultBuildOperationRunner$2.execute(DefaultBuildOperationRunner.java:59)
	at org.gradle.internal.operations.DefaultBuildOperationRunner.execute(DefaultBuildOperationRunner.java:166)
	at org.gradle.internal.operations.DefaultBuildOperationRunner.execute(DefaultBuildOperationRunner.java:59)
	at org.gradle.internal.operations.DefaultBuildOperationRunner.call(DefaultBuildOperationRunner.java:53)
	at org.gradle.api.internal.tasks.execution.EventFiringTaskExecuter.execute(EventFiringTaskExecuter.java:52)
	at org.gradle.execution.plan.DefaultNodeExecutor.executeLocalTaskNode(DefaultNodeExecutor.java:55)
	at org.gradle.execution.plan.DefaultNodeExecutor.execute(DefaultNodeExecutor.java:34)
	at org.gradle.execution.taskgraph.DefaultTaskExecutionGraph$InvokeNodeExecutorsAction.execute(DefaultTaskExecutionGraph.java:355)
	at org.gradle.execution.taskgraph.DefaultTaskExecutionGraph$InvokeNodeExecutorsAction.execute(DefaultTaskExecutionGraph.java:343)
	at org.gradle.execution.taskgraph.DefaultTaskExecutionGraph$BuildOperationAwareExecutionAction.lambda$execute$0(DefaultTaskExecutionGraph.java:339)
	at org.gradle.internal.operations.CurrentBuildOperationRef.with(CurrentBuildOperationRef.java:84)
	at org.gradle.execution.taskgraph.DefaultTaskExecutionGraph$BuildOperationAwareExecutionAction.execute(DefaultTaskExecutionGraph.java:339)
	at org.gradle.execution.taskgraph.DefaultTaskExecutionGraph$BuildOperationAwareExecutionAction.execute(DefaultTaskExecutionGraph.java:328)
	at org.gradle.execution.plan.DefaultPlanExecutor$ExecutorWorker.execute(DefaultPlanExecutor.java:459)
	at org.gradle.execution.plan.DefaultPlanExecutor$ExecutorWorker.run(DefaultPlanExecutor.java:376)
	at org.gradle.internal.concurrent.ExecutorPolicy$CatchAndRecordFailures.onExecute(ExecutorPolicy.java:64)
	at org.gradle.internal.concurrent.AbstractManagedExecutor$1.run(AbstractManagedExecutor.java:47)
Caused by: org.gradle.workers.internal.DefaultWorkerExecutor$WorkExecutionException: A failure occurred while executing org.jetbrains.kotlin.compilerRunner.GradleCompilerRunnerWithWorkers$GradleKotlinCompilerWorkAction
	at org.gradle.workers.internal.DefaultWorkerExecutor$WorkItemExecution.waitForCompletion(DefaultWorkerExecutor.java:289)
	at org.gradle.internal.work.DefaultAsyncWorkTracker.lambda$waitForItemsAndGatherFailures$2(DefaultAsyncWorkTracker.java:130)
	at org.gradle.internal.Factories$1.create(Factories.java:30)
	at org.gradle.internal.work.DefaultWorkerLeaseService.lambda$withoutLocks$2(DefaultWorkerLeaseService.java:344)
	at org.gradle.internal.work.ResourceLockStatistics$1.measure(ResourceLockStatistics.java:42)
	at org.gradle.internal.work.DefaultWorkerLeaseService.withoutLocks(DefaultWorkerLeaseService.java:342)
	at org.gradle.internal.work.DefaultWorkerLeaseService.withoutLocks(DefaultWorkerLeaseService.java:326)
	at org.gradle.internal.work.DefaultWorkerLeaseService.withoutLock(DefaultWorkerLeaseService.java:331)
	at org.gradle.internal.work.DefaultAsyncWorkTracker.waitForItemsAndGatherFailures(DefaultAsyncWorkTracker.java:126)
	at org.gradle.internal.work.DefaultAsyncWorkTracker.waitForItemsAndGatherFailures(DefaultAsyncWorkTracker.java:92)
	at org.gradle.internal.work.DefaultAsyncWorkTracker.waitForAll(DefaultAsyncWorkTracker.java:78)
	at org.gradle.internal.work.DefaultAsyncWorkTracker.waitForCompletion(DefaultAsyncWorkTracker.java:66)
	at org.gradle.api.internal.tasks.execution.TaskExecution$3.run(TaskExecution.java:267)
	at org.gradle.internal.operations.DefaultBuildOperationRunner$1.execute(DefaultBuildOperationRunner.java:29)
	at org.gradle.internal.operations.DefaultBuildOperationRunner$1.execute(DefaultBuildOperationRunner.java:26)
	at org.gradle.internal.operations.DefaultBuildOperationRunner$2.execute(DefaultBuildOperationRunner.java:66)
	at org.gradle.internal.operations.DefaultBuildOperationRunner$2.execute(DefaultBuildOperationRunner.java:59)
	at org.gradle.internal.operations.DefaultBuildOperationRunner.execute(DefaultBuildOperationRunner.java:166)
	at org.gradle.internal.operations.DefaultBuildOperationRunner.execute(DefaultBuildOperationRunner.java:59)
	at org.gradle.internal.operations.DefaultBuildOperationRunner.run(DefaultBuildOperationRunner.java:47)
	at org.gradle.api.internal.tasks.execution.TaskExecution.executeAction(TaskExecution.java:244)
	at org.gradle.api.internal.tasks.execution.TaskExecution.executeActions(TaskExecution.java:227)
	at org.gradle.api.internal.tasks.execution.TaskExecution.executeWithPreviousOutputFiles(TaskExecution.java:210)
	at org.gradle.api.internal.tasks.execution.TaskExecution.execute(TaskExecution.java:176)
	at org.gradle.internal.execution.steps.ExecuteStep.executeInternal(ExecuteStep.java:110)
	at org.gradle.internal.execution.steps.ExecuteStep.access$000(ExecuteStep.java:47)
	at org.gradle.internal.execution.steps.ExecuteStep$1.call(ExecuteStep.java:64)
	at org.gradle.internal.execution.steps.ExecuteStep$1.call(ExecuteStep.java:61)
	at org.gradle.internal.operations.DefaultBuildOperationRunner$CallableBuildOperationWorker.execute(DefaultBuildOperationRunner.java:209)
	at org.gradle.internal.operations.DefaultBuildOperationRunner$CallableBuildOperationWorker.execute(DefaultBuildOperationRunner.java:204)
	at org.gradle.internal.operations.DefaultBuildOperationRunner$2.execute(DefaultBuildOperationRunner.java:66)
	at org.gradle.internal.operations.DefaultBuildOperationRunner$2.execute(DefaultBuildOperationRunner.java:59)
	at org.gradle.internal.operations.DefaultBuildOperationRunner.execute(DefaultBuildOperationRunner.java:166)
	at org.gradle.internal.operations.DefaultBuildOperationRunner.execute(DefaultBuildOperationRunner.java:59)
	at org.gradle.internal.operations.DefaultBuildOperationRunner.call(DefaultBuildOperationRunner.java:53)
	at org.gradle.internal.execution.steps.ExecuteStep.execute(ExecuteStep.java:61)
	at org.gradle.internal.execution.steps.ExecuteStep.execute(ExecuteStep.java:47)
	at org.gradle.internal.execution.steps.CancelExecutionStep.execute(CancelExecutionStep.java:42)
	at org.gradle.internal.execution.steps.TimeoutStep.executeWithoutTimeout(TimeoutStep.java:75)
	at org.gradle.internal.execution.steps.TimeoutStep.execute(TimeoutStep.java:55)
	at org.gradle.internal.execution.steps.PreCreateOutputParentsStep.execute(PreCreateOutputParentsStep.java:51)
	at org.gradle.internal.execution.steps.PreCreateOutputParentsStep.execute(PreCreateOutputParentsStep.java:29)
	at org.gradle.internal.execution.steps.RemovePreviousOutputsStep.executeMutable(RemovePreviousOutputsStep.java:70)
	at org.gradle.internal.execution.steps.RemovePreviousOutputsStep.executeMutable(RemovePreviousOutputsStep.java:40)
	at org.gradle.internal.execution.steps.MutableStep.execute(MutableStep.java:25)
	at org.gradle.internal.execution.steps.BroadcastChangingOutputsStep.execute(BroadcastChangingOutputsStep.java:62)
	at org.gradle.internal.execution.steps.BroadcastChangingOutputsStep.execute(BroadcastChangingOutputsStep.java:27)
	at org.gradle.internal.execution.steps.CaptureOutputsAfterExecutionStep.execute(CaptureOutputsAfterExecutionStep.java:69)
	at org.gradle.internal.execution.steps.CaptureOutputsAfterExecutionStep.execute(CaptureOutputsAfterExecutionStep.java:46)
	at org.gradle.internal.execution.steps.ResolveInputChangesStep.executeMutable(ResolveInputChangesStep.java:39)
	at org.gradle.internal.execution.steps.ResolveInputChangesStep.executeMutable(ResolveInputChangesStep.java:28)
	at org.gradle.internal.execution.steps.MutableStep.execute(MutableStep.java:25)
	at org.gradle.internal.execution.steps.BuildCacheStep.executeWithoutCache(BuildCacheStep.java:192)
	at org.gradle.internal.execution.steps.BuildCacheStep.executeAndStoreInCache(BuildCacheStep.java:148)
	at org.gradle.internal.execution.steps.BuildCacheStep.lambda$executeWithCache$4(BuildCacheStep.java:104)
	at org.gradle.internal.execution.steps.BuildCacheStep.lambda$executeWithCache$5(BuildCacheStep.java:104)
	at org.gradle.internal.Try$Success.map(Try.java:170)
	at org.gradle.internal.execution.steps.BuildCacheStep.executeWithCache(BuildCacheStep.java:88)
	at org.gradle.internal.execution.steps.BuildCacheStep.lambda$execute$0(BuildCacheStep.java:75)
	at org.gradle.internal.Either$Left.fold(Either.java:116)
	at org.gradle.internal.execution.caching.CachingState.fold(CachingState.java:62)
	at org.gradle.internal.execution.steps.BuildCacheStep.execute(BuildCacheStep.java:74)
	at org.gradle.internal.execution.steps.BuildCacheStep.execute(BuildCacheStep.java:49)
	at org.gradle.internal.execution.steps.StoreExecutionStateStep.execute(StoreExecutionStateStep.java:46)
	at org.gradle.internal.execution.steps.StoreExecutionStateStep.execute(StoreExecutionStateStep.java:35)
	at org.gradle.internal.execution.steps.SkipUpToDateStep.executeBecause(SkipUpToDateStep.java:75)
	at org.gradle.internal.execution.steps.SkipUpToDateStep.lambda$execute$2(SkipUpToDateStep.java:53)
	at org.gradle.internal.execution.steps.SkipUpToDateStep.execute(SkipUpToDateStep.java:53)
	at org.gradle.internal.execution.steps.SkipUpToDateStep.execute(SkipUpToDateStep.java:35)
	at org.gradle.internal.execution.steps.legacy.MarkSnapshottingInputsFinishedStep.execute(MarkSnapshottingInputsFinishedStep.java:37)
	at org.gradle.internal.execution.steps.legacy.MarkSnapshottingInputsFinishedStep.execute(MarkSnapshottingInputsFinishedStep.java:27)
	at org.gradle.internal.execution.steps.ResolveIncrementalCachingStateStep.executeDelegate(ResolveIncrementalCachingStateStep.java:49)
	at org.gradle.internal.execution.steps.ResolveIncrementalCachingStateStep.executeDelegate(ResolveIncrementalCachingStateStep.java:27)
	at org.gradle.internal.execution.steps.AbstractResolveCachingStateStep.execute(AbstractResolveCachingStateStep.java:71)
	at org.gradle.internal.execution.steps.AbstractResolveCachingStateStep.execute(AbstractResolveCachingStateStep.java:39)
	at org.gradle.internal.execution.steps.ResolveChangesStep.executeMutable(ResolveChangesStep.java:63)
	at org.gradle.internal.execution.steps.ResolveChangesStep.executeMutable(ResolveChangesStep.java:34)
	at org.gradle.internal.execution.steps.MutableStep.execute(MutableStep.java:25)
	at org.gradle.internal.execution.steps.ValidateStep.execute(ValidateStep.java:64)
	at org.gradle.internal.execution.steps.ValidateStep.execute(ValidateStep.java:42)
	at org.gradle.internal.execution.steps.AbstractCaptureStateBeforeExecutionStep.execute(AbstractCaptureStateBeforeExecutionStep.java:77)
	at org.gradle.internal.execution.steps.AbstractCaptureStateBeforeExecutionStep.execute(AbstractCaptureStateBeforeExecutionStep.java:46)
	at org.gradle.internal.execution.steps.AbstractSkipEmptyWorkStep.executeWithNonEmptySources(AbstractSkipEmptyWorkStep.java:133)
	at org.gradle.internal.execution.steps.AbstractSkipEmptyWorkStep.execute(AbstractSkipEmptyWorkStep.java:64)
	at org.gradle.internal.execution.steps.AbstractSkipEmptyWorkStep.execute(AbstractSkipEmptyWorkStep.java:36)
	at org.gradle.internal.execution.steps.legacy.MarkSnapshottingInputsStartedStep.execute(MarkSnapshottingInputsStartedStep.java:38)
	at org.gradle.internal.execution.steps.LoadPreviousExecutionStateStep.execute(LoadPreviousExecutionStateStep.java:36)
	at org.gradle.internal.execution.steps.LoadPreviousExecutionStateStep.execute(LoadPreviousExecutionStateStep.java:23)
	at org.gradle.internal.execution.steps.HandleStaleOutputsStep.executeMutable(HandleStaleOutputsStep.java:77)
	at org.gradle.internal.execution.steps.HandleStaleOutputsStep.executeMutable(HandleStaleOutputsStep.java:43)
	at org.gradle.internal.execution.steps.MutableStep.execute(MutableStep.java:25)
	at org.gradle.internal.execution.steps.AssignMutableWorkspaceStep.lambda$execute$0(AssignMutableWorkspaceStep.java:35)
	at org.gradle.api.internal.tasks.execution.TaskExecution$4.withWorkspace(TaskExecution.java:305)
	at org.gradle.internal.execution.steps.AssignMutableWorkspaceStep.execute(AssignMutableWorkspaceStep.java:31)
	at org.gradle.internal.execution.steps.AssignMutableWorkspaceStep.execute(AssignMutableWorkspaceStep.java:22)
	at org.gradle.internal.execution.steps.ChoosePipelineStep.execute(ChoosePipelineStep.java:40)
	at org.gradle.internal.execution.steps.ChoosePipelineStep.execute(ChoosePipelineStep.java:23)
	at org.gradle.internal.execution.steps.ExecuteWorkBuildOperationFiringStep.lambda$execute$2(ExecuteWorkBuildOperationFiringStep.java:67)
	at org.gradle.internal.execution.steps.ExecuteWorkBuildOperationFiringStep.execute(ExecuteWorkBuildOperationFiringStep.java:67)
	at org.gradle.internal.execution.steps.ExecuteWorkBuildOperationFiringStep.execute(ExecuteWorkBuildOperationFiringStep.java:39)
	at org.gradle.internal.execution.steps.IdentityCacheStep.execute(IdentityCacheStep.java:46)
	at org.gradle.internal.execution.steps.IdentityCacheStep.execute(IdentityCacheStep.java:34)
	at org.gradle.internal.execution.steps.IdentifyStep.execute(IdentifyStep.java:44)
	at org.gradle.internal.execution.steps.IdentifyStep.execute(IdentifyStep.java:31)
	at org.gradle.internal.execution.impl.DefaultExecutionEngine$1.execute(DefaultExecutionEngine.java:68)
	at org.gradle.api.internal.tasks.execution.ExecuteActionsTaskExecuter.executeIfValid(ExecuteActionsTaskExecuter.java:132)
	... 30 more
Caused by: org.jetbrains.kotlin.gradle.tasks.CompilationErrorException: Compilation error. See log for more details
	at org.jetbrains.kotlin.gradle.tasks.TasksUtilsKt.throwExceptionIfCompilationFailed(tasksUtils.kt:21)
	at org.jetbrains.kotlin.compilerRunner.GradleKotlinCompilerWork.run(GradleKotlinCompilerWork.kt:119)
	at org.jetbrains.kotlin.compilerRunner.GradleCompilerRunnerWithWorkers$GradleKotlinCompilerWorkAction.execute(GradleCompilerRunnerWithWorkers.kt:74)
	at org.gradle.workers.internal.DefaultWorkerServer.execute(DefaultWorkerServer.java:68)
	at org.gradle.workers.internal.NoIsolationWorkerFactory$1$1.create(NoIsolationWorkerFactory.java:64)
	at org.gradle.workers.internal.NoIsolationWorkerFactory$1$1.create(NoIsolationWorkerFactory.java:61)
	at org.gradle.internal.classloader.ClassLoaderUtils.executeInClassloader(ClassLoaderUtils.java:102)
	at org.gradle.workers.internal.NoIsolationWorkerFactory$1.lambda$execute$0(NoIsolationWorkerFactory.java:61)
	at org.gradle.workers.internal.AbstractWorker$1.call(AbstractWorker.java:44)
	at org.gradle.workers.internal.AbstractWorker$1.call(AbstractWorker.java:41)
	at org.gradle.internal.operations.DefaultBuildOperationRunner$CallableBuildOperationWorker.execute(DefaultBuildOperationRunner.java:209)
	at org.gradle.internal.operations.DefaultBuildOperationRunner$CallableBuildOperationWorker.execute(DefaultBuildOperationRunner.java:204)
	at org.gradle.internal.operations.DefaultBuildOperationRunner$2.execute(DefaultBuildOperationRunner.java:66)
	at org.gradle.internal.operations.DefaultBuildOperationRunner$2.execute(DefaultBuildOperationRunner.java:59)
	at org.gradle.internal.operations.DefaultBuildOperationRunner.execute(DefaultBuildOperationRunner.java:166)
	at org.gradle.internal.operations.DefaultBuildOperationRunner.execute(DefaultBuildOperationRunner.java:59)
	at org.gradle.internal.operations.DefaultBuildOperationRunner.call(DefaultBuildOperationRunner.java:53)
	at org.gradle.workers.internal.AbstractWorker.executeWrappedInBuildOperation(AbstractWorker.java:41)
	at org.gradle.workers.internal.NoIsolationWorkerFactory$1.execute(NoIsolationWorkerFactory.java:58)
	at org.gradle.workers.internal.DefaultWorkerExecutor.lambda$submitWork$0(DefaultWorkerExecutor.java:176)
	at org.gradle.internal.work.DefaultConditionalExecutionQueue$ExecutionRunner.runExecution(DefaultConditionalExecutionQueue.java:194)
	at org.gradle.internal.work.DefaultConditionalExecutionQueue$ExecutionRunner.access$700(DefaultConditionalExecutionQueue.java:127)
	at org.gradle.internal.work.DefaultConditionalExecutionQueue$ExecutionRunner$1.run(DefaultConditionalExecutionQueue.java:169)
	at org.gradle.internal.Factories$1.create(Factories.java:30)
	at org.gradle.internal.work.DefaultWorkerLeaseService.lambda$withLocksAcquired$0(DefaultWorkerLeaseService.java:269)
	at org.gradle.internal.work.ResourceLockStatistics$1.measure(ResourceLockStatistics.java:42)
	at org.gradle.internal.work.DefaultWorkerLeaseService.withLocksAcquired(DefaultWorkerLeaseService.java:267)
	at org.gradle.internal.work.DefaultWorkerLeaseService.withLocks(DefaultWorkerLeaseService.java:259)
	at org.gradle.internal.work.DefaultWorkerLeaseService.runAsWorkerThread(DefaultWorkerLeaseService.java:127)
	at org.gradle.internal.work.DefaultWorkerLeaseService.runAsWorkerThread(DefaultWorkerLeaseService.java:132)
	at org.gradle.internal.work.DefaultConditionalExecutionQueue$ExecutionRunner.runBatch(DefaultConditionalExecutionQueue.java:164)
	at org.gradle.internal.work.DefaultConditionalExecutionQueue$ExecutionRunner.run(DefaultConditionalExecutionQueue.java:133)
	... 2 more


BUILD FAILED in 55s
32 actionable tasks: 18 executed, 14 from cache
